total_clusters,cluster_id,member_days,representative_date,distance_to_center,raw_t1,raw_t2,raw_t3,raw_t4,raw_t5,raw_t6,raw_t7,raw_t8,raw_t9,raw_t10,raw_t11,raw_t12,raw_t13,raw_t14,raw_t15,raw_t16,raw_t17,raw_t18,raw_t19,raw_t20,raw_t21,raw_t22,raw_t23,raw_t24,raw_t25,raw_t26,raw_t27,raw_t28,raw_t29,raw_t30,raw_t31,raw_t32,raw_t33,raw_t34,raw_t35,raw_t36,raw_t37,raw_t38,raw_t39,raw_t40,raw_t41,raw_t42,raw_t43,raw_t44,raw_t45,raw_t46,raw_t47,raw_t48
50,0,5,2024-08-19,0.5336293524844556,10.93,10.92,10.08,9.84,9.83,9.79,9.77,9.77,9.84,9.84,10.22,10.31,10.22,10.92,10.93,11.19,13.46,17.95,21.52,22.2,19.56,19.56,19.56,19.56,15.04,18.04,19.56,22.44,20.9,20.9,21.0,24.66,25.46,27.0,24.66,24.65,24.67,24.65,22.0,18.37,18.95,17.78,17.57,15.66,14.51,13.04,13.0,10.22
50,1,9,2024-07-01,0.6341284027826615,9.28,8.58,8.53,7.93,7.87,8.0,8.54,8.8,9.21,9.22,9.33,9.42,9.56,9.43,9.43,9.74,11.76,13.06,16.14,18.0,17.64,17.64,17.64,17.64,12.0,11.0,16.19,17.64,17.64,17.64,16.19,16.19,15.0,16.04,13.0,14.92,13.7,13.76,13.44,12.14,11.07,10.12,10.0,9.84,9.55,9.39,9.06,8.56
50,2,2,2024-10-18,0.6054731715387375,11.72,12.05,11.95,11.5,11.58,11.5,11.46,11.72,11.5,12.02,13.64,15.0,15.79,14.51,13.64,11.0,11.12,10.95,10.75,10.75,10.75,10.53,10.53,10.53,10.53,10.53,10.75,10.95,13.5,16.5,16.84,33.25,33.25,33.25,33.25,33.25,31.0,30.0,21.35,17.42,17.14,15.44,13.74,12.06,14.0,13.07,13.22,11.0
50,3,11,2025-01-08,0.5774285796455746,9.24,9.02,8.43,8.78,8.87,8.78,8.78,8.31,8.42,8.66,9.06,9.77,13.02,15.0,17.29,18.38,17.09,17.0,16.0,14.31,13.0,9.76,9.54,9.54,7.45,7.45,8.05,8.11,9.31,9.54,9.76,12.33,15.16,17.29,17.77,17.5,16.69,16.59,16.36,16.59,16.59,15.7,15.86,14.88,15.69,12.64,12.55,9.76
50,4,10,2024-08-27,0.5536607845948963,13.68,13.17,13.06,12.78,12.81,12.89,12.97,12.92,12.81,12.81,12.84,12.92,12.98,12.92,12.8,13.42,13.65,18.0,18.79,19.45,14.29,14.29,14.29,14.29,14.29,14.01,14.29,19.0,21.44,22.49,20.96,22.49,22.49,22.49,22.49,22.49,22.49,22.49,22.49,20.01,18.84,18.21,18.21,16.65,14.9,13.75,13.5,12.0
50,5,16,2024-09-30,0.4085724761935741,8.33,8.34,8.33,8.33,8.33,8.33,8.33,8.65,8.78,9.77,10.08,10.21,9.86,10.36,10.2,9.25,8.7,8.65,8.33,8.91,8.05,8.05,8.05,8.05,8.05,8.05,8.05,9.5,10.28,10.46,10.67,12.5,16.0,18.13,16.99,16.99,16.99,15.24,14.61,11.94,11.67,10.67,10.61,10.2,10.61,10.14,9.9,8.97
50,6,20,2024-06-25,0.413063860695436,11.24,10.42,9.38,9.19,9.29,9.38,9.5,10.04,10.43,10.44,10.43,10.04,9.33,8.91,8.91,8.91,11.14,12.1,13.12,13.62,12.83,12.36,12.19,11.8,10.77,10.77,10.77,11.01,12.7,13.19,14.29,15.65,17.51,17.54,16.0,17.04,18.31,16.48,18.07,16.71,15.11,14.89,14.52,13.61,14.24,12.0,11.43,8.68
50,7,8,2024-12-23,0.6570355968079471,10.83,9.76,9.76,9.76,10.5,10.83,11.32,9.82,9.76,9.76,9.76,10.83,13.48,17.17,18.48,18.52,17.17,10.83,10.58,10.58,10.33,10.33,10.18,4.0,0.01,0.01,3.0,7.73,8.42,10.33,10.33,10.58,11.32,19.2,19.2,19.2,19.16,18.56,18.44,18.16,18.45,17.93,17.0,14.74,14.77,12.01,12.44,9.11
50,8,5,2025-03-10,0.4473916961559268,9.94,9.34,8.43,10.16,10.16,12.77,13.68,13.68,13.68,13.55,14.0,14.47,16.5,20.67,15.95,13.69,13.41,12.03,9.37,8.83,8.66,8.66,7.8,7.8,4.03,3.1,7.83,8.01,8.58,8.66,8.66,9.0,11.05,14.2,16.5,20.0,20.67,20.67,20.67,19.3,17.92,16.5,16.5,15.95,15.5,13.62,12.77,9.38
50,9,11,2025-03-11,0.5847941749198914,10.16,10.0,9.6,10.16,11.38,12.62,12.9,12.94,12.88,12.88,13.46,13.53,14.13,17.79,17.23,16.5,18.44,16.54,13.68,9.38,8.83,7.8,7.8,7.8,5.39,5.39,5.39,7.8,7.8,7.8,7.8,7.8,9.0,12.77,17.34,19.25,17.83,17.83,17.84,17.78,17.34,16.0,17.34,15.25,13.89,11.08,10.16,9.81
50,10,14,2025-01-30,0.4906286946515226,11.42,10.86,10.74,10.54,10.95,11.38,11.58,11.58,11.67,12.06,12.73,13.28,13.53,15.95,16.36,15.6,15.01,16.01,17.29,14.09,12.01,10.19,9.41,8.96,5.3,5.3,6.84,6.52,7.58,9.41,10.86,12.75,12.75,16.78,17.36,17.91,17.99,17.29,16.34,15.6,16.34,15.6,16.34,14.18,14.39,13.59,12.83,11.41
50,11,5,2024-08-26,0.6033806896504218,12.88,10.95,11.01,10.88,10.5,10.25,10.33,10.19,10.19,10.25,10.88,12.16,12.16,11.0,9.89,9.89,11.83,11.82,11.51,10.92,9.89,9.89,9.89,9.89,9.89,9.89,10.67,11.83,12.48,20.0,20.0,23.0,25.82,31.01,31.01,31.01,31.01,31.01,24.07,20.0,20.0,18.11,18.11,16.76,15.04,13.87,13.72,12.81
50,12,11,2024-07-22,0.4176772362395879,10.84,10.26,10.11,10.12,10.1,9.75,9.75,9.86,10.1,10.1,10.12,10.26,9.78,9.07,8.52,7.47,11.38,9.78,10.0,9.78,9.78,9.41,8.87,8.37,6.89,8.0,8.78,8.83,7.89,10.26,12.38,13.6,20.41,23.0,25.54,30.0,30.0,30.0,30.0,25.0,21.43,22.0,21.26,19.66,19.54,16.15,16.15,11.45
50,13,2,2024-09-27,0.3950034308651496,9.75,9.53,9.47,9.47,9.53,9.64,9.7,9.7,9.7,9.7,9.9,9.96,9.9,9.7,9.1,8.33,6.0,7.0,9.25,9.25,9.25,9.25,9.25,9.25,9.0,8.0,5.01,6.0,7.0,7.98,8.0,14.04,15.24,18.47,19.44,19.44,18.61,16.99,18.14,15.13,12.97,12.04,11.46,10.69,11.66,11.42,11.0,10.34
50,14,4,2024-07-28,0.8100058005788234,11.25,12.29,11.25,10.83,10.57,10.74,10.57,10.82,10.82,10.82,10.82,10.76,10.84,10.56,10.45,9.5,9.61,9.84,9.25,6.01,7.29,6.0,5.34,5.34,5.34,6.0,7.0,5.34,1.0,3.0,5.34,5.34,5.34,12.5,14.87,19.44,23.15,23.65,22.95,22.22,21.73,21.06,20.41,19.39,17.48,16.89,16.14,10.57
50,15,17,2025-01-29,0.3690130133216021,10.7,10.85,10.15,10.85,10.85,10.66,11.41,11.58,11.85,11.67,12.46,13.28,13.62,15.04,15.68,15.04,15.04,14.98,14.89,13.73,11.49,11.49,11.79,11.01,9.05,9.0,9.76,10.14,10.19,10.19,12.46,13.41,13.78,14.4,15.45,16.04,16.32,16.15,15.75,16.0,16.53,16.33,15.84,15.0,14.7,13.68,13.49,11.67
50,16,14,2024-08-06,0.4816451400771198,16.0,12.94,12.48,12.12,12.12,12.12,12.12,12.12,12.12,12.12,12.12,12.12,12.12,10.37,10.37,10.37,12.78,11.01,10.37,10.37,10.37,10.37,10.37,10.37,10.37,10.37,10.37,10.37,10.37,13.99,14.0,19.0,20.86,22.96,22.82,23.92,25.62,26.45,24.36,21.18,21.18,20.58,20.27,18.32,18.0,15.04,12.8,12.91
50,17,20,2024-08-17,0.302068608133447,11.13,10.21,9.83,9.45,9.4,9.5,9.5,9.4,9.4,9.5,9.77,9.83,9.33,9.5,9.38,9.4,9.5,9.33,9.0,8.73,8.99,8.41,9.08,9.0,9.0,9.21,9.5,9.89,9.89,9.89,9.89,11.37,12.74,16.0,16.45,17.8,18.32,18.48,17.8,16.47,16.47,16.42,15.54,14.4,13.93,11.85,11.3,10.77
50,18,4,2024-05-07,0.765937215795775,8.56,8.18,8.34,8.3,8.56,9.5,9.67,10.11,10.48,10.3,10.78,10.38,9.5,8.52,8.18,8.0,8.5,8.18,7.65,0.09,0.01,0.01,0.01,0.01,0.01,0.01,0.01,0.01,0.01,0.01,2.09,8.39,8.87,10.89,11.59,12.79,15.06,16.09,15.32,14.43,12.79,12.78,11.4,11.0,10.11,10.0,9.66,8.59
50,19,4,2024-10-30,0.697643219572797,8.74,8.02,8.02,8.8,9.04,9.18,8.88,9.14,9.14,9.19,10.36,10.24,10.25,9.5,9.37,9.19,9.7,9.7,9.7,9.27,7.73,5.01,4.8,3.0,2.01,2.01,3.99,8.02,9.14,9.5,10.07,10.9,11.42,13.62,13.17,13.42,12.0,11.66,11.13,10.01,10.07,10.36,9.7,9.16,9.14,8.92,8.88,8.12
50,20,4,2025-01-11,0.4846437611540524,14.0,14.25,14.09,13.56,13.56,13.56,14.94,13.61,13.85,13.56,13.06,13.06,14.46,15.33,16.0,16.5,15.53,15.09,15.01,13.0,9.76,9.54,9.54,9.54,9.31,8.3,8.3,9.03,9.31,9.54,10.19,12.75,13.5,15.62,16.79,17.2,17.2,17.15,17.15,17.15,16.79,16.27,16.08,15.22,15.5,13.56,13.0,11.72
50,21,18,2024-09-22,0.3097326860281899,10.28,9.9,9.16,9.0,8.86,8.96,9.05,9.27,9.47,9.5,9.5,8.96,8.81,8.68,8.94,8.95,9.0,9.53,9.9,10.28,9.7,9.7,9.53,9.53,9.47,9.5,9.7,9.9,10.0,10.32,9.83,10.42,10.28,10.34,10.82,11.98,12.85,11.83,10.75,10.69,10.42,10.28,9.83,9.53,10.28,9.53,9.5,8.76
50,22,14,2025-01-12,0.4744962602409936,12.69,12.25,12.2,12.25,12.51,12.69,13.1,12.69,12.37,12.2,11.72,11.48,11.72,12.37,12.37,13.23,13.56,12.69,11.43,9.76,9.54,9.14,8.78,8.3,8.3,8.3,8.38,8.01,8.58,9.0,9.68,12.45,11.64,12.75,14.38,16.28,16.34,16.8,16.79,16.79,15.77,15.56,14.26,13.56,13.1,12.37,11.72,11.46
50,23,2,2025-02-24,0.8944318043629188,13.9,13.13,13.0,13.0,13.81,13.81,13.89,13.81,14.16,13.89,13.97,14.22,13.9,15.09,16.23,15.09,14.58,9.61,9.39,9.17,6.0,3.01,2.01,0.01,0.01,0.01,0.01,0.01,0.01,1.0,3.0,5.5,8.52,9.61,17.85,22.33,22.94,22.94,24.88,22.94,30.0,22.94,22.33,20.15,20.15,16.54,15.22,13.81
50,24,7,2025-02-11,0.7339986694837778,14.74,14.74,14.83,14.75,14.76,14.95,14.86,14.54,13.82,14.49,14.79,14.73,15.31,16.73,16.93,16.51,15.04,9.61,9.39,9.17,7.01,5.46,3.0,0.01,0.01,0.01,0.01,0.01,0.01,2.01,5.01,7.95,9.17,10.5,17.53,19.52,19.38,18.95,18.95,18.71,18.72,18.49,18.36,17.52,18.71,16.51,15.63,14.93
50,25,12,2024-08-31,0.4139377402265868,12.94,12.94,12.94,12.94,12.51,12.31,12.64,12.78,12.78,12.78,12.94,12.94,11.91,11.51,11.51,11.28,10.14,11.28,11.12,10.78,9.04,9.04,9.04,9.04,9.04,9.04,9.04,11.0,11.28,11.28,11.91,12.94,15.83,16.9,15.5,16.26,17.0,17.0,16.48,15.1,15.18,15.04,15.04,14.51,13.27,12.66,12.5,11.19
50,26,7,2025-01-19,0.609101450692874,9.77,9.54,9.13,9.24,9.77,10.0,10.0,10.0,10.13,10.13,10.15,10.15,10.44,11.3,12.26,10.19,10.19,10.19,10.19,5.3,6.0,0.02,0.01,0.01,0.01,0.01,0.01,0.01,1.0,1.0,5.3,9.31,7.44,9.77,10.19,10.88,10.93,12.32,11.84,11.8,12.44,12.32,11.45,10.87,10.05,9.77,10.47,9.77
50,27,1,2025-03-26,0.0,6.16,5.0,1.0,5.0,5.46,6.15,7.39,7.5,7.8,7.8,9.38,9.38,9.38,8.41,7.8,7.8,6.14,4.71,0.01,0.01,0.01,0.01,0.01,0.01,0.01,0.01,0.01,0.01,0.01,0.01,0.01,5.46,7.8,8.83,8.83,9.38,10.57,10.88,10.84,10.1,10.09,10.0,9.71,9.38,9.38,9.09,9.38,7.5
50,28,4,2025-02-25,0.6338249623841284,13.81,14.08,13.54,13.52,14.22,14.82,15.59,15.27,16.38,16.0,16.19,15.03,19.38,22.72,30.0,18.06,21.02,18.23,9.39,9.17,9.04,7.19,3.0,0.01,0.01,0.01,0.01,0.01,0.01,2.01,7.19,9.17,9.39,10.01,15.5,20.34,20.0,20.34,20.34,19.25,19.25,19.25,19.0,17.48,17.69,14.67,14.69,13.31
50,29,7,2024-06-11,0.5467736276601548,11.01,11.0,10.78,10.77,10.77,11.2,11.55,11.74,11.75,12.4,12.01,11.42,10.44,9.87,8.9,8.95,8.05,6.48,4.57,5.0,1.0,2.0,0.5,0.5,0.01,0.01,3.0,7.98,8.01,6.03,8.51,10.44,11.43,14.0,14.46,16.19,17.16,17.51,17.16,16.91,15.13,16.0,14.89,13.13,13.0,11.0,10.41,9.11
50,30,10,2024-11-06,0.609007140091589,9.42,9.21,8.64,8.56,8.64,9.22,9.23,9.5,10.0,9.5,9.22,9.22,9.29,10.61,10.5,9.43,9.38,10.0,5.01,1.0,0.01,0.01,0.01,0.01,0.01,0.01,0.01,0.01,2.01,8.0,9.99,10.6,12.48,15.03,14.04,14.02,14.04,14.04,14.02,13.0,12.41,12.41,12.01,11.09,9.99,9.99,10.61,10.01
50,31,11,2024-06-10,0.3543733662330827,10.53,10.51,10.44,10.44,10.44,10.71,10.98,11.06,11.53,11.53,11.63,11.0,10.43,9.28,8.63,7.58,8.63,9.11,8.63,8.05,6.0,4.02,4.0,3.73,0.5,0.5,8.0,9.28,9.28,9.0,9.38,10.44,10.92,13.0,13.35,14.06,15.09,15.42,15.08,14.89,13.72,12.98,12.4,11.83,11.8,10.92,10.91,10.0
50,32,3,2024-09-01,0.9011533053928287,10.46,10.46,9.9,9.72,9.0,9.5,9.5,9.77,9.79,9.87,10.08,10.08,9.84,8.71,8.05,8.05,0.02,3.0,0.01,0.01,0.01,0.01,0.01,0.01,0.01,0.01,0.01,3.0,4.0,5.01,4.0,5.01,10.46,14.04,17.21,18.34,19.0,19.0,19.0,18.34,17.27,17.03,15.86,15.24,14.28,11.61,10.93,10.46
50,33,8,2024-11-24,0.5553304430901913,10.6,9.91,9.37,9.5,10.6,11.18,11.37,11.63,11.8,11.8,11.8,11.37,11.37,11.37,11.2,10.72,9.34,10.0,10.0,5.01,0.01,0.01,0.01,0.01,0.01,0.01,0.01,0.01,2.0,5.01,9.29,10.72,11.18,11.8,12.76,12.97,12.99,12.97,12.99,12.98,12.98,12.93,14.79,13.54,12.81,11.8,11.37,10.64
50,34,1,2025-03-09,0.0,10.0,10.16,10.16,10.16,11.59,12.62,12.52,12.6,12.53,12.5,12.88,12.8,12.9,12.9,11.36,9.0,8.66,3.0,0.01,0.01,0.01,0.01,0.01,0.01,0.01,0.01,0.01,0.01,0.01,0.01,0.01,0.01,0.01,5.99,8.42,14.38,15.28,15.79,16.54,15.77,17.23,16.54,16.54,15.08,14.15,11.68,9.15,9.15
50,35,1,2024-04-10,0.0,6.85,6.0,5.27,6.5,7.0,7.63,7.92,8.0,8.12,8.12,9.57,9.29,8.23,7.3,3.0,0.01,0.01,0.01,0.01,0.01,0.01,0.01,0.01,0.01,0.01,0.01,0.01,0.01,0.01,0.01,0.01,0.01,0.01,6.85,7.63,12.0,16.02,16.02,14.49,12.98,12.26,12.0,11.53,10.18,8.59,7.63,7.5,5.27
50,36,4,2025-03-29,0.6831875979693401,11.4,10.43,9.38,9.38,9.39,9.75,10.43,10.46,9.72,10.18,10.43,10.41,10.46,9.73,9.35,8.91,8.83,8.66,8.58,7.8,6.27,3.0,0.1,0.01,0.01,0.01,0.01,0.1,5.52,5.87,7.8,7.8,8.66,9.0,10.43,11.4,11.83,12.5,12.51,12.51,12.17,10.97,11.26,10.67,10.98,10.8,10.43,9.0
50,37,1,2024-12-30,0.0,10.59,10.13,9.16,10.74,11.14,11.34,11.67,11.46,11.79,11.39,11.0,10.16,10.59,9.21,10.2,11.35,11.35,10.52,9.05,8.4,8.63,6.73,5.0,5.0,3.1,5.0,5.0,5.48,5.48,5.48,7.01,9.21,9.21,9.04,8.63,8.63,7.7,7.51,7.51,7.51,7.51,7.51,7.51,7.51,8.63,8.38,8.0,7.51
50,38,1,2024-07-13,0.0,10.09,9.5,8.79,8.49,8.57,8.83,9.5,9.61,9.13,9.13,8.0,8.44,9.0,5.5,6.99,7.9,5.34,5.0,5.69,7.0,5.34,5.0,5.34,5.34,3.0,1.0,1.0,1.0,1.0,1.0,5.34,9.68,9.73,10.26,10.44,12.5,12.44,13.6,15.07,15.0,12.44,11.62,10.98,10.27,10.12,9.86,9.69,8.27
50,39,5,2024-06-05,0.633922649558961,10.44,10.32,10.0,10.0,10.03,10.4,10.44,10.83,10.51,11.02,10.88,10.88,9.31,7.98,7.0,5.87,3.01,0.5,0.5,0.01,0.01,0.01,0.01,0.01,0.01,0.01,0.01,0.01,0.5,0.75,5.18,8.48,9.29,11.24,11.5,12.73,13.3,15.0,14.0,12.96,12.8,12.37,12.4,12.01,11.18,10.43,10.04,9.11
50,40,9,2024-05-16,0.7372289915795667,9.6,9.57,9.5,9.5,9.57,9.67,10.0,10.3,11.01,10.34,10.73,10.55,9.5,8.11,5.87,5.0,3.23,0.01,0.01,0.01,0.01,0.01,0.01,0.01,0.01,0.01,0.01,0.01,0.01,0.01,0.01,0.09,4.0,8.21,9.0,11.01,12.0,14.51,13.0,12.94,12.96,11.45,11.33,10.4,9.78,10.0,9.89,9.0
50,41,5,2025-03-01,0.7800657798114301,10.4,10.02,10.02,10.02,10.02,10.33,11.66,11.66,11.66,11.66,11.66,11.72,12.23,12.26,11.6,8.98,7.8,6.92,6.9,6.0,2.01,0.01,0.01,0.01,0.01,0.01,0.01,0.01,0.01,0.01,1.0,5.01,7.8,7.8,7.8,12.92,12.26,13.28,12.82,12.86,12.65,12.26,11.82,11.29,9.15,9.15,9.15,8.99
50,42,3,2024-04-18,0.525666246373525,7.73,7.3,7.29,7.3,7.62,7.9,7.76,7.73,7.87,7.9,9.58,9.58,9.5,9.62,7.9,7.3,7.0,0.01,0.01,0.01,0.01,0.01,0.01,0.01,0.01,0.01,0.01,0.01,0.01,0.01,0.01,0.5,0.1,5.0,7.29,7.66,8.98,9.92,9.42,8.98,8.98,8.98,8.98,8.98,7.66,7.62,7.66,7.5
50,43,2,2025-03-30,0.8159405123236133,10.08,9.38,9.09,9.09,9.76,10.18,10.8,10.93,10.18,10.0,10.08,9.5,9.38,9.38,8.85,8.66,8.58,7.8,0.01,0.01,0.01,0.01,0.01,0.01,0.01,0.01,0.01,0.01,0.01,0.01,0.01,0.01,7.39,8.66,9.38,11.92,13.01,13.92,13.91,13.46,12.43,11.92,11.92,12.17,12.42,11.92,11.78,10.1
50,44,5,2024-06-29,0.7846120833087025,9.61,9.63,9.33,8.58,8.96,9.63,9.67,9.74,10.09,9.78,10.12,10.1,8.61,5.14,4.0,1.0,3.0,5.0,3.0,3.0,1.0,1.0,1.0,0.1,1.0,1.0,3.0,3.0,3.0,7.5,8.0,8.54,8.56,8.54,8.58,9.24,9.61,10.1,11.0,9.74,9.73,9.24,9.24,9.24,9.24,9.0,9.2,8.96
50,45,6,2024-06-03,0.6915349677460245,10.25,10.25,9.76,9.69,9.93,10.15,10.25,10.43,10.43,10.43,10.41,10.0,8.82,7.46,6.01,3.0,0.22,0.09,0.02,0.02,0.01,0.01,0.01,0.01,0.01,0.01,0.01,0.01,0.01,0.69,4.97,3.0,8.0,8.93,9.29,10.43,12.67,13.0,12.89,12.5,12.57,12.0,12.01,11.59,11.0,10.25,9.91,9.29
50,46,4,2024-04-13,0.5696924680268629,9.92,9.72,9.69,9.72,9.72,9.5,9.94,9.85,9.92,9.92,9.92,10.19,10.39,9.72,6.0,3.0,0.09,0.01,0.01,0.01,0.01,0.01,0.01,0.01,0.01,0.01,0.01,0.01,0.01,0.01,0.01,0.09,0.09,5.0,7.66,9.1,11.44,10.19,10.29,9.79,11.29,10.18,9.96,9.5,9.92,9.58,9.1,8.09
50,47,9,2024-05-10,0.5292207181941034,10.11,10.09,9.66,9.05,8.87,9.66,9.97,10.0,10.94,10.89,11.0,10.18,9.67,8.0,3.0,0.01,0.01,0.01,0.01,0.01,0.01,0.01,0.01,0.01,0.01,0.01,0.01,0.01,0.01,0.01,0.01,0.01,1.0,7.87,8.87,11.13,13.07,14.88,14.88,14.15,13.0,11.88,11.09,10.86,11.88,11.4,11.4,9.91
50,48,1,2025-03-22,0.0,11.3,9.38,9.38,10.53,12.08,11.95,11.48,12.0,11.5,9.54,9.38,9.38,9.38,9.38,9.0,8.58,7.8,0.01,0.01,0.01,0.01,0.01,0.01,0.01,0.01,0.01,0.01,0.01,0.01,0.01,0.01,0.01,0.01,0.01,7.8,9.38,9.38,11.94,11.94,11.81,11.97,11.46,11.24,10.88,9.86,9.38,9.38,9.0
50,49,8,2024-05-03,0.5233217864387893,11.41,10.54,10.19,10.42,10.42,11.54,12.02,12.21,12.21,12.01,12.19,10.5,9.67,6.0,0.01,0.01,0.01,0.01,0.01,0.01,0.01,0.01,0.01,0.01,0.01,0.01,0.01,0.01,0.01,0.01,0.01,0.01,0.01,0.01,7.0,9.09,10.54,12.81,12.88,12.03,12.03,12.03,11.3,11.12,11.11,10.54,10.92,10.19
