sheet,date,cluster_id,distance_to_centroid,num_points,mean_d
all_1-0,2024-04-01,0,0.2900989968150546,8,0.0891025641025641
all_1-0,2024-04-02,0,0.29044252125425996,8,0.0919871794871795
all_1-0,2024-04-03,0,0.2917141761813117,8,0.08051282051282052
all_1-0,2024-04-04,0,0.3147932555205655,8,0.10346153846153847
all_1-0,2024-04-05,0,0.2901316302376279,8,0.08217948717948718
all_1-0,2024-04-06,3,0.1909881883895234,8,0.21294871794871792
all_1-0,2024-04-07,3,0.1909881883895234,8,0.21294871794871792
all_1-0,2024-04-08,0,0.34309740965432195,8,0.0
all_1-0,2024-04-09,0,0.34309740965432195,8,0.0
all_1-0,2024-04-10,0,0.34309740965432195,8,0.0
all_1-0,2024-04-11,0,0.34309740965432195,8,0.0
all_1-0,2024-04-12,0,0.34309740965432195,8,0.0
all_1-0,2024-04-13,3,0.13900494390979617,8,0.2619230769230769
all_1-0,2024-04-14,3,0.13900494390979617,8,0.2619230769230769
all_1-0,2024-04-15,7,0.07851631344840607,8,0.34012820512820513
all_1-0,2024-04-16,7,0.07851631344840607,8,0.34012820512820513
all_1-0,2024-04-17,7,0.14345349910142963,8,0.3243589743589744
all_1-0,2024-04-18,7,0.14345349910142963,8,0.3243589743589744
all_1-0,2024-04-19,7,0.14345349910142963,8,0.3243589743589744
all_1-0,2024-04-20,5,0.16000762154748577,8,0.31371794871794867
all_1-0,2024-04-21,5,0.15628851195747454,8,0.31108974358974356
all_1-0,2024-04-22,7,0.11769567203712375,8,0.3094230769230769
all_1-0,2024-04-23,5,0.16383464785579857,8,0.376474358974359
all_1-0,2024-04-24,5,0.1641300775762592,8,0.3795512820512821
all_1-0,2024-04-25,5,0.16600768252459977,8,0.38224358974358974
all_1-0,2024-04-26,7,0.2071724406414671,8,0.40249999999999997
all_1-0,2024-04-27,6,0.30326373152225605,8,0.45647435897435895
all_1-0,2024-04-28,6,0.2193220499053595,8,0.38750000000000007
all_1-0,2024-04-29,7,0.20593745363612537,8,0.35275641025641025
all_1-0,2024-04-30,3,0.2819374182912092,8,0.2580128205128205
all_1-0,2024-05-01,5,0.3048681568450711,8,0.27019230769230773
all_1-0,2024-05-02,7,0.24540133004083708,8,0.3639102564102564
all_1-0,2024-05-03,4,0.18144558415063763,8,0.24634615384615388
all_1-0,2024-05-04,5,0.15480830871712506,8,0.33499999999999996
all_1-0,2024-05-05,5,0.15480830871712506,8,0.33499999999999996
all_1-0,2024-05-06,5,0.15480830871712506,8,0.33499999999999996
all_1-0,2024-05-07,5,0.20606978853534555,8,0.31724358974358974
all_1-0,2024-05-08,5,0.17683203634214,8,0.3586538461538461
all_1-0,2024-05-09,5,0.08107667079824048,8,0.3540384615384615
all_1-0,2024-05-10,5,0.08107667079824048,8,0.3540384615384615
all_1-0,2024-05-11,3,0.21393556036903352,8,0.2733333333333333
all_1-0,2024-05-12,3,0.29363006969383193,8,0.2846153846153846
all_1-0,2024-05-13,0,0.34309740965432195,8,0.0
all_1-0,2024-05-14,0,0.34309740965432195,8,0.0
all_1-0,2024-05-15,0,0.16287188351065426,8,0.06121794871794872
all_1-0,2024-05-16,0,0.16287188351065426,8,0.06121794871794872
all_1-0,2024-05-17,0,0.16287188351065426,8,0.06121794871794872
all_1-0,2024-05-18,0,0.3410267796877076,8,0.1066025641025641
all_1-0,2024-05-19,0,0.3410267796877076,8,0.1066025641025641
all_1-0,2024-05-20,0,0.06915355578628883,8,0.03775641025641025
all_1-0,2024-05-21,0,0.06915355578628883,8,0.03775641025641025
all_1-0,2024-05-22,0,0.06915355578628883,8,0.03775641025641025
all_1-0,2024-05-23,2,0.16238895880999216,8,0.20365384615384616
all_1-0,2024-05-24,2,0.16238895880999216,8,0.20365384615384616
all_1-0,2024-05-25,5,0.3697449931517902,8,0.23884615384615387
all_1-0,2024-05-26,5,0.3697449931517902,8,0.23884615384615387
all_1-0,2024-05-27,2,0.21249054692051617,8,0.19685897435897437
all_1-0,2024-05-28,2,0.18874011062874596,8,0.23025641025641025
all_1-0,2024-05-29,1,0.2995687844953489,8,0.19666666666666668
all_1-0,2024-05-30,0,0.3294978027985779,8,0.09615384615384616
all_1-0,2024-05-31,0,0.329259871623589,8,0.09576923076923077
all_1-0,2024-06-01,0,0.10041186687331992,8,0.0662820512820513
all_1-0,2024-06-02,0,0.32369238072846446,8,0.00871794871794872
all_1-0,2024-06-03,3,0.33752543879929553,8,0.13756410256410256
all_1-0,2024-06-04,3,0.2310089438641086,8,0.20653846153846153
all_1-0,2024-06-05,2,0.10673188311187318,8,0.22044871794871795
all_1-0,2024-06-06,7,0.07835522331975531,8,0.3519871794871795
all_1-0,2024-06-07,7,0.12219500643718083,8,0.36685897435897435
all_1-0,2024-06-08,2,0.2722901082833686,8,0.2283333333333334
all_1-0,2024-06-09,2,0.2722901082833686,8,0.2283333333333334
all_1-0,2024-06-10,6,0.4008399942704905,8,0.3598717948717949
all_1-0,2024-06-11,1,0.4131058807345816,8,0.37076923076923074
all_1-0,2024-06-12,6,0.41155193580264915,8,0.37615384615384617
all_1-0,2024-06-13,6,0.41155193580264915,8,0.37615384615384617
all_1-0,2024-06-14,2,0.21150372003606527,8,0.24121794871794872
all_1-0,2024-06-15,2,0.19475099553055947,8,0.2617948717948718
all_1-0,2024-06-16,2,0.18799605501273547,8,0.2698076923076923
all_1-0,2024-06-17,2,0.4341143109150801,8,0.1594871794871795
all_1-0,2024-06-18,2,0.3101093705287846,8,0.18987179487179487
all_1-0,2024-06-19,1,0.2425550072682076,8,0.26314102564102565
all_1-0,2024-06-20,7,0.1407203671846395,8,0.34249999999999997
all_1-0,2024-06-21,5,0.20090733839266678,8,0.38083333333333336
all_1-0,2024-06-22,7,0.10087338492185431,8,0.33685897435897433
all_1-0,2024-06-23,7,0.0720219679263441,8,0.3271153846153846
all_1-0,2024-06-24,5,0.1258339053808713,8,0.32153846153846155
all_1-0,2024-06-25,5,0.1553080843903307,8,0.37525641025641027
all_1-0,2024-06-26,5,0.11754960567019486,8,0.31826923076923075
all_1-0,2024-06-27,6,0.21943404972263492,8,0.4295512820512821
all_1-0,2024-06-28,7,0.13093727864645396,8,0.2951923076923077
all_1-0,2024-06-29,6,0.3489155307729582,8,0.4866666666666667
all_1-0,2024-06-30,6,0.3489155307729582,8,0.4866666666666667
all_1-0,2024-07-01,7,0.15798258506567944,8,0.3588461538461538
all_1-0,2024-07-02,7,0.15798258506567944,8,0.3588461538461538
all_1-0,2024-07-03,7,0.15798258506567944,8,0.3588461538461538
all_1-0,2024-07-04,7,0.15798258506567944,8,0.3588461538461538
all_1-0,2024-07-05,7,0.15798258506567944,8,0.3588461538461538
all_1-0,2024-07-06,7,0.1420119952431634,8,0.326025641025641
all_1-0,2024-07-07,7,0.1420119952431634,8,0.326025641025641
all_1-0,2024-07-08,3,0.10717574458552463,8,0.2516025641025641
all_1-0,2024-07-09,3,0.097179173844891,8,0.24378205128205124
all_1-0,2024-07-10,3,0.09813664597401169,8,0.24224358974358973
all_1-0,2024-07-11,5,0.17335469399997303,8,0.37089743589743585
all_1-0,2024-07-12,5,0.17022589102013855,8,0.36935897435897436
all_1-0,2024-07-13,7,0.13462467000880735,8,0.3426923076923077
all_1-0,2024-07-14,7,0.13462467000880735,8,0.3426923076923077
all_1-0,2024-07-15,7,0.13462467000880735,8,0.3426923076923077
all_1-0,2024-07-16,4,0.20440702847297543,8,0.2682692307692308
all_1-0,2024-07-17,7,0.06639647734074751,8,0.31961538461538463
all_1-0,2024-07-18,7,0.06418356692344553,8,0.3225
all_1-0,2024-07-19,7,0.06639647734074751,8,0.31961538461538463
all_1-0,2024-07-20,6,0.22793131855684,8,0.40839743589743593
all_1-0,2024-07-21,6,0.2280912546591696,8,0.4062179487179487
all_1-0,2024-07-22,4,0.08431745700258872,8,0.2187179487179487
all_1-0,2024-07-23,4,0.0838024065831947,8,0.21884615384615383
all_1-0,2024-07-24,4,0.08521274285104555,8,0.2178205128205128
all_1-0,2024-07-25,4,0.08286350736633974,8,0.2153205128205128
all_1-0,2024-07-26,4,0.0865756288682844,8,0.22641025641025642
all_1-0,2024-07-27,5,0.15915765540236035,8,0.35282051282051274
all_1-0,2024-07-28,5,0.1520870528098562,8,0.37108974358974356
all_1-0,2024-07-29,5,0.10030637627875791,8,0.35474358974358977
all_1-0,2024-07-30,5,0.1460211741409164,8,0.3678205128205128
all_1-0,2024-07-31,5,0.1440498501384546,8,0.36743589743589744
all_1-0,2024-08-01,7,0.12629590959853929,8,0.29493589743589743
all_1-0,2024-08-02,7,0.14553027796509982,8,0.2892948717948718
all_1-0,2024-08-03,5,0.2029006916309105,8,0.36993589743589744
all_1-0,2024-08-04,5,0.20706255592294567,8,0.3712179487179488
all_1-0,2024-08-05,7,0.16146952701471495,8,0.3068589743589744
all_1-0,2024-08-06,7,0.15707116085968806,8,0.3044871794871795
all_1-0,2024-08-07,7,0.15707116085968806,8,0.3044871794871795
all_1-0,2024-08-08,7,0.14090422470982325,8,0.3177564102564103
all_1-0,2024-08-09,7,0.1571006190834342,8,0.3098717948717949
all_1-0,2024-08-10,5,0.18335207999829128,8,0.29705128205128206
all_1-0,2024-08-11,5,0.19226880056570136,8,0.328974358974359
all_1-0,2024-08-12,5,0.18489208773477783,8,0.322948717948718
all_1-0,2024-08-13,7,0.18492208738061286,8,0.3880769230769231
all_1-0,2024-08-14,7,0.1527781184074697,8,0.37083333333333335
all_1-0,2024-08-15,7,0.20197673583890616,8,0.3955128205128205
all_1-0,2024-08-16,7,0.1922977938827799,8,0.39166666666666666
all_1-0,2024-08-17,5,0.19737882844884627,8,0.370576923076923
all_1-0,2024-08-18,5,0.19755567267373011,8,0.37083333333333335
all_1-0,2024-08-19,4,0.2019272674453604,8,0.27217948717948715
all_1-0,2024-08-20,4,0.2019272674453604,8,0.27217948717948715
all_1-0,2024-08-21,4,0.08084599293043274,8,0.2041025641025641
all_1-0,2024-08-22,4,0.20113806209625618,8,0.27192307692307693
all_1-0,2024-08-23,4,0.20075015612776362,8,0.2717948717948718
all_1-0,2024-08-24,5,0.21753911238119436,8,0.37743589743589745
all_1-0,2024-08-25,5,0.21753911238119436,8,0.37743589743589745
all_1-0,2024-08-26,7,0.09038074581861727,8,0.3178846153846154
all_1-0,2024-08-27,7,0.09820644170887971,8,0.31474358974358974
all_1-0,2024-08-28,7,0.09038074581861727,8,0.3178846153846154
all_1-0,2024-08-29,7,0.09038074581861727,8,0.3178846153846154
all_1-0,2024-08-30,7,0.10012482488479234,8,0.3139102564102564
all_1-0,2024-08-31,5,0.1716664457744391,8,0.32282051282051283
all_1-0,2024-09-01,5,0.18298847297901566,8,0.30006410256410254
all_1-0,2024-09-02,7,0.15355654229655002,8,0.29025641025641025
all_1-0,2024-09-03,4,0.16520249360345474,8,0.24685897435897436
all_1-0,2024-09-04,4,0.16520249360345474,8,0.24685897435897436
all_1-0,2024-09-05,4,0.16520249360345474,8,0.24685897435897436
all_1-0,2024-09-06,4,0.16520249360345474,8,0.24685897435897436
all_1-0,2024-09-07,5,0.14169097851619813,8,0.35628205128205126
all_1-0,2024-09-08,5,0.14169097851619813,8,0.35628205128205126
all_1-0,2024-09-09,4,0.19484595477404099,8,0.2578846153846154
all_1-0,2024-09-10,4,0.19484595477404099,8,0.2578846153846154
all_1-0,2024-09-11,4,0.15101388187308742,8,0.15737179487179487
all_1-0,2024-09-12,4,0.19484595477404099,8,0.2578846153846154
all_1-0,2024-09-13,4,0.19484595477404099,8,0.2578846153846154
all_1-0,2024-09-14,7,0.12481584592621418,8,0.3042307692307692
all_1-0,2024-09-15,7,0.12627256053733912,8,0.30365384615384616
all_1-0,2024-09-16,3,0.14400692631361992,8,0.24224358974358973
all_1-0,2024-09-17,4,0.15795248274643495,8,0.1544230769230769
all_1-0,2024-09-18,4,0.16345372985853537,8,0.1533974358974359
all_1-0,2024-09-19,4,0.09055488771387556,8,0.21673076923076923
all_1-0,2024-09-20,4,0.09904052342085322,8,0.22826923076923078
all_1-0,2024-09-21,4,0.15163200742340838,8,0.2524358974358974
all_1-0,2024-09-22,4,0.1649336673125503,8,0.2584615384615384
all_1-0,2024-09-23,4,0.14677654907363843,8,0.2441025641025641
all_1-0,2024-09-24,4,0.14157589630064496,8,0.24006410256410257
all_1-0,2024-09-25,4,0.12400227620489802,8,0.2344230769230769
all_1-0,2024-09-26,4,0.2136957050660029,8,0.17294871794871797
all_1-0,2024-09-27,4,0.1441468448021945,8,0.23737179487179488
all_1-0,2024-09-28,5,0.23319371607671904,8,0.27557692307692305
all_1-0,2024-09-29,5,0.23319371607671904,8,0.27557692307692305
all_1-0,2024-09-30,4,0.2166372422699484,8,0.13782051282051283
all_1-0,2024-10-01,4,0.05255347937779779,8,0.19634615384615384
all_1-0,2024-10-02,4,0.04208563782536563,8,0.20685897435897438
all_1-0,2024-10-03,4,0.04716056947073686,8,0.20493589743589744
all_1-0,2024-10-04,4,0.04658022280944495,8,0.20455128205128204
all_1-0,2024-10-05,5,0.29220706306279104,8,0.2646794871794872
all_1-0,2024-10-06,5,0.24518616469870347,8,0.28423076923076923
all_1-0,2024-10-07,3,0.22133868613247507,8,0.25134615384615383
all_1-0,2024-10-08,3,0.22133868613247507,8,0.25134615384615383
all_1-0,2024-10-09,3,0.22133868613247507,8,0.25134615384615383
all_1-0,2024-10-10,3,0.22133868613247507,8,0.25134615384615383
all_1-0,2024-10-11,4,0.09831038751433298,8,0.191025641025641
all_1-0,2024-10-12,2,0.28514200287270564,8,0.22185897435897436
all_1-0,2024-10-13,2,0.2843066150792656,8,0.2264102564102564
all_1-0,2024-10-14,2,0.266321290574129,8,0.25064102564102564
all_1-0,2024-10-15,4,0.11233138536906705,8,0.17596153846153847
all_1-0,2024-10-16,4,0.11233138536906705,8,0.17596153846153847
all_1-0,2024-10-17,4,0.11233138536906705,8,0.17596153846153847
all_1-0,2024-10-18,4,0.11233138536906705,8,0.17596153846153847
all_1-0,2024-10-19,7,0.13668570519975876,8,0.30217948717948717
all_1-0,2024-10-20,3,0.18701053466466866,8,0.2765384615384615
all_1-0,2024-10-21,4,0.050648902738194945,8,0.1999358974358974
all_1-0,2024-10-22,3,0.13906028757690733,8,0.24352564102564106
all_1-0,2024-10-23,5,0.14884896203802098,8,0.3210897435897436
all_1-0,2024-10-24,5,0.14884896203802098,8,0.3210897435897436
all_1-0,2024-10-25,5,0.1580833308520057,8,0.33141025641025634
all_1-0,2024-10-26,5,0.13320664789114892,8,0.3421794871794872
all_1-0,2024-10-27,5,0.1043547908914712,8,0.3285256410256411
all_1-0,2024-10-28,4,0.0967080545592316,8,0.21935897435897436
all_1-0,2024-10-29,7,0.1850036915240997,8,0.2894871794871795
all_1-0,2024-10-30,4,0.11601112046718322,8,0.22506410256410259
all_1-0,2024-10-31,7,0.17354382996049506,8,0.2930128205128205
all_1-0,2024-11-01,4,0.061984123008036164,8,0.19423076923076923
all_1-0,2024-11-02,7,0.19799066261379647,8,0.29846153846153844
all_1-0,2024-11-03,7,0.14653259420349204,8,0.3108974358974359
all_1-0,2024-11-04,7,0.1477336598262004,8,0.3075
all_1-0,2024-11-05,2,0.3766837730092705,8,0.34384615384615386
all_1-0,2024-11-06,2,0.3049116173425795,8,0.306474358974359
all_1-0,2024-11-07,2,0.30510609595869154,8,0.30653846153846154
all_1-0,2024-11-08,4,0.23047997283265034,8,0.15916666666666668
all_1-0,2024-11-09,5,0.11952159086294416,8,0.36403846153846153
all_1-0,2024-11-10,5,0.27156401817614556,8,0.3930128205128205
all_1-0,2024-11-11,6,0.3451018402400057,8,0.3766025641025641
all_1-0,2024-11-12,3,0.2608711261265902,8,0.21711538461538463
all_1-0,2024-11-13,7,0.2823080598416971,8,0.29160256410256413
all_1-0,2024-11-14,7,0.1755581949830436,8,0.3608974358974359
all_1-0,2024-11-15,7,0.1755581949830436,8,0.3608974358974359
all_1-0,2024-11-16,7,0.2785787644379376,8,0.41211538461538466
all_1-0,2024-11-17,7,0.2785787644379376,8,0.41211538461538466
all_1-0,2024-11-18,6,0.3005651535095954,8,0.5389102564102564
all_1-0,2024-11-19,6,0.3005651535095954,8,0.5389102564102564
all_1-0,2024-11-20,6,0.3005651535095954,8,0.5389102564102564
all_1-0,2024-11-21,6,0.3005651535095954,8,0.5389102564102564
all_1-0,2024-11-22,6,0.3005651535095954,8,0.5389102564102564
all_1-0,2024-11-23,7,0.07196573571794444,8,0.3219871794871795
all_1-0,2024-11-24,7,0.09995077609171467,8,0.3076923076923077
all_1-0,2024-11-25,7,0.18467555545301675,8,0.3868589743589743
all_1-0,2024-11-26,7,0.16037670796922604,8,0.379423076923077
all_1-0,2024-11-27,7,0.18467555545301675,8,0.3868589743589743
all_1-0,2024-11-28,7,0.18467555545301675,8,0.3868589743589743
all_1-0,2024-11-29,7,0.14048747466100647,8,0.3178846153846154
all_1-0,2024-11-30,6,0.20611821101273542,8,0.4111538461538462
all_1-0,2024-12-01,5,0.23570011779128916,8,0.37051282051282053
all_1-0,2024-12-02,7,0.2911255779708653,8,0.4211538461538461
all_1-0,2024-12-03,7,0.27026393869778803,8,0.41352564102564104
all_1-0,2024-12-04,5,0.1731666290505154,8,0.32782051282051283
all_1-0,2024-12-05,7,0.16507001528273482,8,0.36173076923076924
all_1-0,2024-12-06,7,0.17520702599763774,8,0.36410256410256414
all_1-0,2024-12-07,5,0.21173710185268232,8,0.368974358974359
all_1-0,2024-12-08,5,0.21173710185268232,8,0.368974358974359
all_1-0,2024-12-09,5,0.2872274304041044,8,0.3105128205128205
all_1-0,2024-12-10,5,0.17965144373502373,8,0.3588461538461538
all_1-0,2024-12-11,3,0.17338942307846386,8,0.27205128205128204
all_1-0,2024-12-12,3,0.17338942307846386,8,0.27205128205128204
all_1-0,2024-12-13,5,0.2754937324773,8,0.31256410256410255
all_1-0,2024-12-14,5,0.1861248797349968,8,0.3220512820512821
all_1-0,2024-12-15,5,0.16959186412848712,8,0.31096153846153846
all_1-0,2024-12-16,3,0.16727280202294834,8,0.2391025641025641
all_1-0,2024-12-17,3,0.18382393803779207,8,0.2673076923076923
all_1-0,2024-12-18,3,0.1614430699353502,8,0.2468589743589743
all_1-0,2024-12-19,3,0.16476255804221646,8,0.20301282051282052
all_1-0,2024-12-20,3,0.16557119502342632,8,0.2545512820512821
all_1-0,2024-12-21,5,0.16015215065116645,8,0.33608974358974364
all_1-0,2024-12-22,5,0.1320958142863623,8,0.3667948717948718
all_1-0,2024-12-23,3,0.11085329907710434,8,0.23685897435897435
all_1-0,2024-12-24,3,0.14103231346590353,8,0.2285897435897436
all_1-0,2024-12-25,3,0.17531046706603154,8,0.2235897435897436
all_1-0,2024-12-26,3,0.13245913287500868,8,0.2196153846153846
all_1-0,2024-12-27,3,0.17095447570663974,8,0.22730769230769232
all_1-0,2024-12-28,4,0.23444136351717257,8,0.12320512820512822
all_1-0,2024-12-29,4,0.22599351089677297,8,0.12698717948717947
all_1-0,2024-12-30,4,0.23854205469883624,8,0.12185897435897436
all_1-0,2024-12-31,4,0.23854205469883624,8,0.12185897435897436
all_1-0,2025-01-01,4,0.24043812000867393,8,0.12115384615384614
all_1-0,2025-01-02,4,0.24043812000867393,8,0.12115384615384614
all_1-0,2025-01-03,4,0.24043812000867393,8,0.12115384615384614
all_1-0,2025-01-04,4,0.26474404500813237,8,0.11333333333333334
all_1-0,2025-01-05,4,0.22874732625854752,8,0.126025641025641
all_1-0,2025-01-06,3,0.13776003762675595,8,0.20916666666666664
all_1-0,2025-01-07,3,0.13295452325039525,8,0.20801282051282055
all_1-0,2025-01-08,3,0.11960640881021915,8,0.2123717948717949
all_1-0,2025-01-09,3,0.1441225599614873,8,0.2074358974358974
all_1-0,2025-01-10,3,0.12058968275164034,8,0.21525641025641024
all_1-0,2025-01-11,6,0.22489283373353341,8,0.41128205128205125
all_1-0,2025-01-12,6,0.2064540442149847,8,0.4156410256410256
all_1-0,2025-01-13,6,0.24874596363359355,8,0.4112179487179487
all_1-0,2025-01-14,3,0.1937156249721273,8,0.25243589743589745
all_1-0,2025-01-15,3,0.09953686921583546,8,0.22974358974358977
all_1-0,2025-01-16,3,0.17956935177192068,8,0.17769230769230768
all_1-0,2025-01-17,3,0.19783444185830876,8,0.17467948717948717
all_1-0,2025-01-18,3,0.1674409149286264,8,0.2674358974358974
all_1-0,2025-01-19,3,0.17065059708283722,8,0.26897435897435895
all_1-0,2025-01-20,3,0.09639936985785455,8,0.21993589743589742
all_1-0,2025-01-21,3,0.08158852343718274,8,0.2155769230769231
all_1-0,2025-01-22,3,0.10852511694860348,8,0.21083333333333334
all_1-0,2025-01-23,3,0.050837109057543114,8,0.22705128205128206
all_1-0,2025-01-24,3,0.07186440579245781,8,0.2312179487179487
all_1-0,2025-01-25,4,0.09957108539897709,8,0.19685897435897437
all_1-0,2025-01-26,4,0.10101700058727353,8,0.19897435897435897
all_1-0,2025-01-27,3,0.15681050770989377,8,0.2715384615384615
all_1-0,2025-01-28,3,0.15146511528670709,8,0.268525641025641
all_1-0,2025-01-29,3,0.12803442338203483,8,0.25019230769230766
all_1-0,2025-01-30,3,0.11555352739046082,8,0.24641025641025638
all_1-0,2025-01-31,3,0.128181944304581,8,0.25884615384615384
all_1-0,2025-02-01,4,0.17035481266226798,8,0.2364102564102564
all_1-0,2025-02-02,4,0.10151317082885555,8,0.19865384615384615
all_1-0,2025-02-03,3,0.21876351640823186,8,0.2105128205128205
all_1-0,2025-02-04,3,0.17304514976999477,8,0.22865384615384615
all_1-0,2025-02-05,3,0.20671125522431544,8,0.2858974358974359
all_1-0,2025-02-06,3,0.17834181819449182,8,0.21756410256410258
all_1-0,2025-02-07,3,0.18154654216513405,8,0.216025641025641
all_1-0,2025-02-08,4,0.11468335044816046,8,0.1787820512820513
all_1-0,2025-02-09,4,0.11468335044816046,8,0.1787820512820513
all_1-0,2025-02-10,7,0.15898790050761163,8,0.3010897435897436
all_1-0,2025-02-11,4,0.11468335044816046,8,0.1787820512820513
all_1-0,2025-02-12,4,0.12235132621289103,8,0.2430128205128205
all_1-0,2025-02-13,7,0.12829651100795486,8,0.321025641025641
all_1-0,2025-02-14,7,0.1486436852392604,8,0.30801282051282053
all_1-0,2025-02-15,4,0.10886894417118936,8,0.2312820512820513
all_1-0,2025-02-16,4,0.10849678132402056,8,0.23115384615384615
all_1-0,2025-02-17,7,0.15436020369052078,8,0.30012820512820515
all_1-0,2025-02-18,7,0.11118730121851095,8,0.31256410256410255
all_1-0,2025-02-19,7,0.12072392327573302,8,0.31038461538461537
all_1-0,2025-02-20,7,0.10004201388233955,8,0.32583333333333336
all_1-0,2025-02-21,7,0.1199663791449996,8,0.314551282051282
all_1-0,2025-02-22,4,0.12435186057254462,8,0.18435897435897436
all_1-0,2025-02-23,4,0.11057102001325711,8,0.18487179487179486
all_1-0,2025-02-24,4,0.10938614722889294,8,0.18871794871794872
all_1-0,2025-02-25,7,0.1873899883132294,8,0.28365384615384615
all_1-0,2025-02-26,7,0.18566796020543433,8,0.28057692307692306
all_1-0,2025-02-27,4,0.16989072262702692,8,0.25596153846153846
all_1-0,2025-02-28,4,0.06308601526108343,8,0.21365384615384617
all_1-0,2025-03-01,7,0.16640340907424145,8,0.2873717948717949
all_1-0,2025-03-02,7,0.15939664418179342,8,0.29685897435897435
all_1-0,2025-03-03,7,0.15653764852742572,8,0.3359615384615384
all_1-0,2025-03-04,7,0.13730099519751812,8,0.36025641025641025
all_1-0,2025-03-05,7,0.10617613871413466,8,0.3518589743589744
all_1-0,2025-03-06,7,0.11104341813013623,8,0.31249999999999994
all_1-0,2025-03-07,7,0.14694633645739652,8,0.3079487179487179
all_1-0,2025-03-08,4,0.10091866738105933,8,0.18794871794871792
all_1-0,2025-03-09,4,0.10091866738105933,8,0.18794871794871792
all_1-0,2025-03-10,7,0.10686631929562157,8,0.34788461538461535
all_1-0,2025-03-11,7,0.08251738675399145,8,0.3296153846153846
all_1-0,2025-03-12,7,0.1049878959411492,8,0.3046794871794871
all_1-0,2025-03-13,6,0.2670952425578026,8,0.42858974358974355
all_1-0,2025-03-14,7,0.09740141524670136,8,0.33955128205128204
all_1-0,2025-03-15,4,0.10958318739326814,8,0.23544871794871797
all_1-0,2025-03-16,4,0.10958318739326814,8,0.23544871794871797
all_1-0,2025-03-17,7,0.07222862403293458,8,0.34378205128205125
all_1-0,2025-03-18,7,0.08428532187397192,8,0.35108974358974354
all_1-0,2025-03-19,7,0.08166915792958335,8,0.34980769230769226
all_1-0,2025-03-20,4,0.10958318739326814,8,0.23544871794871797
all_1-0,2025-03-21,7,0.07485014692536411,8,0.31846153846153846
all_1-0,2025-03-22,4,0.09684689450430697,8,0.21429487179487175
all_1-0,2025-03-23,4,0.07208288696673715,8,0.19987179487179488
all_1-0,2025-03-24,7,0.18332116258822626,8,0.27032051282051284
all_1-0,2025-03-25,7,0.13182807274307157,8,0.30192307692307696
all_1-0,2025-03-26,7,0.13781071316658922,8,0.31339743589743596
all_1-0,2025-03-27,7,0.1733984149965535,8,0.2808333333333334
all_1-0,2025-03-28,7,0.09482468528993539,8,0.3062179487179487
all_1-0,2025-03-29,4,0.2796766149764293,8,0.1094230769230769
all_1-0,2025-03-30,4,0.21073945476573522,8,0.13884615384615384
all_1-0,2025-03-31,4,0.1669316840901171,8,0.22384615384615383
all_2-1,2024-04-01,7,0.23191858824455644,8,0.4186538461538462
all_2-1,2024-04-02,7,0.23191858824455644,8,0.4186538461538462
all_2-1,2024-04-03,7,0.23191858824455644,8,0.4186538461538462
all_2-1,2024-04-04,7,0.23191858824455644,8,0.4186538461538462
all_2-1,2024-04-05,7,0.23191858824455644,8,0.4186538461538462
all_2-1,2024-04-06,7,0.26938311446660884,8,0.41262820512820514
all_2-1,2024-04-07,7,0.27019199534904265,8,0.41525641025641025
all_2-1,2024-04-08,7,0.3820814387748839,8,0.6034615384615385
all_2-1,2024-04-09,7,0.3820814387748839,8,0.6034615384615385
all_2-1,2024-04-10,7,0.3820814387748839,8,0.6034615384615385
all_2-1,2024-04-11,7,0.3820814387748839,8,0.6034615384615385
all_2-1,2024-04-12,7,0.3820814387748839,8,0.6034615384615385
all_2-1,2024-04-13,6,0.0980545334088004,8,0.3437179487179487
all_2-1,2024-04-14,6,0.0980545334088004,8,0.3437179487179487
all_2-1,2024-04-15,6,0.183659363432822,8,0.37653846153846154
all_2-1,2024-04-16,6,0.183659363432822,8,0.37653846153846154
all_2-1,2024-04-17,6,0.14410441752539116,8,0.35128205128205126
all_2-1,2024-04-18,6,0.14410441752539116,8,0.35128205128205126
all_2-1,2024-04-19,6,0.14410441752539116,8,0.35128205128205126
all_2-1,2024-04-20,6,0.21877947408172616,8,0.3908974358974359
all_2-1,2024-04-21,6,0.21147615628161162,8,0.38833333333333336
all_2-1,2024-04-22,6,0.24908835765962006,8,0.40230769230769237
all_2-1,2024-04-23,7,0.20305187586451173,8,0.551025641025641
all_2-1,2024-04-24,7,0.20305187586451173,8,0.551025641025641
all_2-1,2024-04-25,7,0.20305187586451173,8,0.551025641025641
all_2-1,2024-04-26,7,0.16100353283341115,8,0.5030128205128205
all_2-1,2024-04-27,7,0.21967111006311074,8,0.4412820512820512
all_2-1,2024-04-28,6,0.22047105135151265,8,0.38557692307692304
all_2-1,2024-04-29,7,0.25187231535077,8,0.42205128205128206
all_2-1,2024-04-30,7,0.11880251052554847,8,0.48525641025641025
all_2-1,2024-05-01,7,0.1971154169095105,8,0.45576923076923076
all_2-1,2024-05-02,7,0.17586006564442408,8,0.4607051282051282
all_2-1,2024-05-03,6,0.07713204459128613,8,0.32487179487179485
all_2-1,2024-05-04,6,0.1293374491730012,8,0.29935897435897435
all_2-1,2024-05-05,6,0.1287953522341051,8,0.29775641025641025
all_2-1,2024-05-06,6,0.12781472449516892,8,0.2988461538461538
all_2-1,2024-05-07,6,0.12287547895648741,8,0.28217948717948715
all_2-1,2024-05-08,6,0.12233343581764265,8,0.2894871794871795
all_2-1,2024-05-09,6,0.10750394334002202,8,0.3449358974358975
all_2-1,2024-05-10,6,0.10750394334002202,8,0.3449358974358975
all_2-1,2024-05-11,6,0.1110347152465396,8,0.296025641025641
all_2-1,2024-05-12,6,0.10186195276767958,8,0.3078205128205128
all_2-1,2024-05-13,6,0.08834313923728188,8,0.30044871794871797
all_2-1,2024-05-14,6,0.08834313923728188,8,0.30044871794871797
all_2-1,2024-05-15,6,0.04864780694017944,8,0.31064102564102564
all_2-1,2024-05-16,6,0.04864780694017944,8,0.31064102564102564
all_2-1,2024-05-17,6,0.04864780694017944,8,0.31064102564102564
all_2-1,2024-05-18,5,0.14950871741329688,8,0.2414102564102564
all_2-1,2024-05-19,5,0.14950871741329688,8,0.2414102564102564
all_2-1,2024-05-20,4,0.09047369159100475,8,0.33717948717948715
all_2-1,2024-05-21,4,0.09047369159100475,8,0.33717948717948715
all_2-1,2024-05-22,4,0.09047369159100475,8,0.33717948717948715
all_2-1,2024-05-23,6,0.10785960926246717,8,0.3007051282051282
all_2-1,2024-05-24,6,0.10785960926246717,8,0.3007051282051282
all_2-1,2024-05-25,5,0.1805879813451359,8,0.27243589743589747
all_2-1,2024-05-26,5,0.1805879813451359,8,0.27243589743589747
all_2-1,2024-05-27,4,0.16095157649007596,8,0.3138461538461539
all_2-1,2024-05-28,4,0.16095157649007596,8,0.3138461538461539
all_2-1,2024-05-29,4,0.19800994042708187,8,0.3705128205128205
all_2-1,2024-05-30,4,0.19800994042708187,8,0.3705128205128205
all_2-1,2024-05-31,4,0.19800994042708187,8,0.3705128205128205
all_2-1,2024-06-01,6,0.045854906901242005,8,0.31724358974358974
all_2-1,2024-06-02,6,0.11767990575040688,8,0.29096153846153844
all_2-1,2024-06-03,5,0.05545186279833951,8,0.20205128205128203
all_2-1,2024-06-04,5,0.05763232541682307,8,0.1987179487179487
all_2-1,2024-06-05,5,0.09620757624777115,8,0.18724358974358976
all_2-1,2024-06-06,5,0.07743320011234237,8,0.23762820512820515
all_2-1,2024-06-07,5,0.08626145768443087,8,0.2423717948717949
all_2-1,2024-06-08,6,0.17386200650100073,8,0.310448717948718
all_2-1,2024-06-09,6,0.1662589228471015,8,0.3125
all_2-1,2024-06-10,6,0.1562579436036949,8,0.27589743589743587
all_2-1,2024-06-11,6,0.05963059579982115,8,0.3087179487179487
all_2-1,2024-06-12,6,0.11815388827212202,8,0.2844871794871795
all_2-1,2024-06-13,6,0.11815388827212202,8,0.2844871794871795
all_2-1,2024-06-14,6,0.18286160456097802,8,0.3173076923076923
all_2-1,2024-06-15,5,0.15729154727349023,8,0.2475
all_2-1,2024-06-16,5,0.15729154727349023,8,0.2475
all_2-1,2024-06-17,6,0.16750175515363583,8,0.27878205128205125
all_2-1,2024-06-18,6,0.17947305560204413,8,0.2764102564102564
all_2-1,2024-06-19,6,0.17947305560204413,8,0.2764102564102564
all_2-1,2024-06-20,4,0.1787230463691401,8,0.36442307692307696
all_2-1,2024-06-21,6,0.0861061306584866,8,0.316474358974359
all_2-1,2024-06-22,6,0.11642908922131505,8,0.2837179487179487
all_2-1,2024-06-23,6,0.1216582437703464,8,0.2826923076923077
all_2-1,2024-06-24,4,0.07639040231771776,8,0.3294871794871795
all_2-1,2024-06-25,4,0.07639040231771776,8,0.3294871794871795
all_2-1,2024-06-26,4,0.07639040231771776,8,0.3294871794871795
all_2-1,2024-06-27,4,0.07639040231771776,8,0.3294871794871795
all_2-1,2024-06-28,4,0.08034822540086418,8,0.3264102564102564
all_2-1,2024-06-29,6,0.1103658572982569,8,0.31467948717948724
all_2-1,2024-06-30,6,0.1103658572982569,8,0.31467948717948724
all_2-1,2024-07-01,6,0.09615732381252978,8,0.3128205128205128
all_2-1,2024-07-02,6,0.09615732381252978,8,0.3128205128205128
all_2-1,2024-07-03,6,0.09615732381252978,8,0.3128205128205128
all_2-1,2024-07-04,6,0.09615732381252978,8,0.3128205128205128
all_2-1,2024-07-05,6,0.09615732381252978,8,0.3128205128205128
all_2-1,2024-07-06,7,0.32164436775592,8,0.43141025641025643
all_2-1,2024-07-07,7,0.31995848335408555,8,0.43282051282051287
all_2-1,2024-07-08,6,0.11845924733164917,8,0.34153846153846157
all_2-1,2024-07-09,6,0.11845924733164917,8,0.34153846153846157
all_2-1,2024-07-10,6,0.11845924733164917,8,0.34153846153846157
all_2-1,2024-07-11,6,0.19810176331511478,8,0.3712179487179488
all_2-1,2024-07-12,6,0.19810176331511478,8,0.3712179487179488
all_2-1,2024-07-13,6,0.10068144851386157,8,0.33352564102564103
all_2-1,2024-07-14,6,0.09543775055540073,8,0.32576923076923076
all_2-1,2024-07-15,6,0.09543775055540073,8,0.32576923076923076
all_2-1,2024-07-16,5,0.14703916854851617,8,0.24948717948717947
all_2-1,2024-07-17,6,0.18917357056856027,8,0.26717948717948714
all_2-1,2024-07-18,5,0.19651035215294935,8,0.26269230769230767
all_2-1,2024-07-19,6,0.18917357056856027,8,0.26717948717948714
all_2-1,2024-07-20,6,0.24318822134651846,8,0.4010897435897436
all_2-1,2024-07-21,6,0.24318822134651846,8,0.4010897435897436
all_2-1,2024-07-22,5,0.1477581078509574,8,0.2013461538461538
all_2-1,2024-07-23,5,0.1477581078509574,8,0.2013461538461538
all_2-1,2024-07-24,5,0.1545868612542069,8,0.1998076923076923
all_2-1,2024-07-25,5,0.1545868612542069,8,0.1998076923076923
all_2-1,2024-07-26,5,0.1545868612542069,8,0.1998076923076923
all_2-1,2024-07-27,6,0.1230341121494813,8,0.3406410256410256
all_2-1,2024-07-28,6,0.11899986331207926,8,0.33935897435897433
all_2-1,2024-07-29,6,0.1623171014508276,8,0.32243589743589746
all_2-1,2024-07-30,6,0.1581832359299246,8,0.3194230769230769
all_2-1,2024-07-31,6,0.1581832359299246,8,0.3194230769230769
all_2-1,2024-08-01,6,0.13151098755852955,8,0.3063461538461538
all_2-1,2024-08-02,6,0.13151098755852955,8,0.3063461538461538
all_2-1,2024-08-03,6,0.1829344912258112,8,0.2971153846153846
all_2-1,2024-08-04,6,0.1820051414386984,8,0.2993589743589744
all_2-1,2024-08-05,5,0.1562805741691292,8,0.26166666666666666
all_2-1,2024-08-06,5,0.15074798745506457,8,0.26
all_2-1,2024-08-07,5,0.15074798745506457,8,0.26
all_2-1,2024-08-08,5,0.15074798745506457,8,0.26
all_2-1,2024-08-09,5,0.15074798745506457,8,0.26
all_2-1,2024-08-10,3,0.15204657946193467,8,0.22839743589743589
all_2-1,2024-08-11,3,0.11898052998305168,8,0.26564102564102565
all_2-1,2024-08-12,3,0.10606095380229899,8,0.2635897435897436
all_2-1,2024-08-13,6,0.08574516087456335,8,0.304551282051282
all_2-1,2024-08-14,6,0.08300088885258819,8,0.30532051282051287
all_2-1,2024-08-15,6,0.06870251633265465,8,0.3106410256410257
all_2-1,2024-08-16,6,0.1046899441482892,8,0.29871794871794877
all_2-1,2024-08-17,3,0.1533615671893037,8,0.27192307692307693
all_2-1,2024-08-18,3,0.1533615671893037,8,0.27192307692307693
all_2-1,2024-08-19,5,0.10051168563469227,8,0.2362179487179487
all_2-1,2024-08-20,5,0.10051168563469227,8,0.2362179487179487
all_2-1,2024-08-21,5,0.10051168563469227,8,0.2362179487179487
all_2-1,2024-08-22,5,0.10051168563469227,8,0.2362179487179487
all_2-1,2024-08-23,5,0.10051168563469227,8,0.2362179487179487
all_2-1,2024-08-24,3,0.20639283121809382,8,0.27794871794871795
all_2-1,2024-08-25,3,0.20639283121809382,8,0.27794871794871795
all_2-1,2024-08-26,5,0.0968206953014923,8,0.23782051282051284
all_2-1,2024-08-27,5,0.0968206953014923,8,0.23782051282051284
all_2-1,2024-08-28,5,0.0968206953014923,8,0.23782051282051284
all_2-1,2024-08-29,5,0.0968206953014923,8,0.23782051282051284
all_2-1,2024-08-30,5,0.09625940372278731,8,0.23756410256410257
all_2-1,2024-08-31,3,0.14593375700571903,8,0.22743589743589743
all_2-1,2024-09-01,3,0.14874329526511798,8,0.22653846153846155
all_2-1,2024-09-02,5,0.10495130913700089,8,0.21108974358974358
all_2-1,2024-09-03,5,0.07213742699716534,8,0.20339743589743592
all_2-1,2024-09-04,5,0.07145766699525286,8,0.20403846153846156
all_2-1,2024-09-05,5,0.07145766699525286,8,0.20403846153846156
all_2-1,2024-09-06,5,0.07145766699525286,8,0.20403846153846156
all_2-1,2024-09-07,3,0.05118440730176099,8,0.256474358974359
all_2-1,2024-09-08,3,0.05118440730176099,8,0.256474358974359
all_2-1,2024-09-09,5,0.144290790085749,8,0.1725
all_2-1,2024-09-10,5,0.144290790085749,8,0.1725
all_2-1,2024-09-11,5,0.144290790085749,8,0.1725
all_2-1,2024-09-12,5,0.144290790085749,8,0.1725
all_2-1,2024-09-13,5,0.144290790085749,8,0.1725
all_2-1,2024-09-14,6,0.10019480444929543,8,0.328974358974359
all_2-1,2024-09-15,6,0.10019480444929543,8,0.328974358974359
all_2-1,2024-09-16,6,0.10031581293312884,8,0.32993589743589746
all_2-1,2024-09-17,5,0.14800159958891157,8,0.2612820512820513
all_2-1,2024-09-18,5,0.14800159958891157,8,0.2612820512820513
all_2-1,2024-09-19,5,0.14800159958891157,8,0.2612820512820513
all_2-1,2024-09-20,5,0.14800159958891157,8,0.2612820512820513
all_2-1,2024-09-21,5,0.06656612287363974,8,0.22307692307692306
all_2-1,2024-09-22,5,0.06656612287363974,8,0.22307692307692306
all_2-1,2024-09-23,5,0.06656612287363974,8,0.22307692307692306
all_2-1,2024-09-24,5,0.08881002448862398,8,0.20217948717948717
all_2-1,2024-09-25,5,0.08881002448862398,8,0.20217948717948717
all_2-1,2024-09-26,5,0.08881002448862398,8,0.20217948717948717
all_2-1,2024-09-27,5,0.08881002448862398,8,0.20217948717948717
all_2-1,2024-09-28,3,0.14381814457860423,8,0.23724358974358972
all_2-1,2024-09-29,3,0.14381814457860423,8,0.23724358974358972
all_2-1,2024-09-30,5,0.08543860393805805,8,0.2067948717948718
all_2-1,2024-10-01,5,0.0757104458003438,8,0.2205769230769231
all_2-1,2024-10-02,5,0.06975230125862669,8,0.2226923076923077
all_2-1,2024-10-03,5,0.06975230125862669,8,0.2226923076923077
all_2-1,2024-10-04,5,0.06975230125862669,8,0.2226923076923077
all_2-1,2024-10-05,3,0.10202858099973929,8,0.23570512820512818
all_2-1,2024-10-06,3,0.12862356414542322,8,0.24814102564102566
all_2-1,2024-10-07,5,0.13971233664237548,8,0.2316025641025641
all_2-1,2024-10-08,5,0.13971233664237548,8,0.2316025641025641
all_2-1,2024-10-09,5,0.13971233664237548,8,0.2316025641025641
all_2-1,2024-10-10,5,0.13971233664237548,8,0.2316025641025641
all_2-1,2024-10-11,5,0.08691058524441829,8,0.21064102564102563
all_2-1,2024-10-12,3,0.12408943800566691,8,0.2275
all_2-1,2024-10-13,3,0.12936357001668097,8,0.22403846153846155
all_2-1,2024-10-14,3,0.08321620073733142,8,0.22955128205128206
all_2-1,2024-10-15,5,0.14662366186875467,8,0.17384615384615382
all_2-1,2024-10-16,5,0.14662366186875467,8,0.17384615384615382
all_2-1,2024-10-17,5,0.14662366186875467,8,0.17384615384615382
all_2-1,2024-10-18,5,0.14662366186875467,8,0.17384615384615382
all_2-1,2024-10-19,3,0.15669073341573045,8,0.2750641025641026
all_2-1,2024-10-20,6,0.1773244073977516,8,0.2906410256410257
all_2-1,2024-10-21,3,0.09646944752114851,8,0.2206410256410256
all_2-1,2024-10-22,3,0.13550348396269876,8,0.208974358974359
all_2-1,2024-10-23,3,0.12999559792191148,8,0.25416666666666665
all_2-1,2024-10-24,3,0.12999559792191148,8,0.25416666666666665
all_2-1,2024-10-25,3,0.15155550943994062,8,0.268525641025641
all_2-1,2024-10-26,6,0.19100328161992275,8,0.2680128205128205
all_2-1,2024-10-27,6,0.1721245958253746,8,0.2719871794871795
all_2-1,2024-10-28,5,0.11182970625975507,8,0.18987179487179487
all_2-1,2024-10-29,5,0.10761267742501383,8,0.1925
all_2-1,2024-10-30,5,0.10761267742501383,8,0.1925
all_2-1,2024-10-31,5,0.1070622651784275,8,0.19217948717948719
all_2-1,2024-11-01,5,0.1167053202900898,8,0.18653846153846151
all_2-1,2024-11-02,6,0.1729032875599149,8,0.27076923076923076
all_2-1,2024-11-03,6,0.16559706205268898,8,0.2728205128205128
all_2-1,2024-11-04,6,0.15998472324465352,8,0.27006410256410257
all_2-1,2024-11-05,5,0.11874138504209741,8,0.17583333333333334
all_2-1,2024-11-06,5,0.11874138504209741,8,0.17583333333333334
all_2-1,2024-11-07,5,0.1281406324992943,8,0.17314102564102563
all_2-1,2024-11-08,5,0.1281406324992943,8,0.17314102564102563
all_2-1,2024-11-09,3,0.15619800475295997,8,0.27775641025641024
all_2-1,2024-11-10,3,0.19195015219222702,8,0.2566025641025641
all_2-1,2024-11-11,5,0.15136681771961577,8,0.18262820512820516
all_2-1,2024-11-12,5,0.15610681921979805,8,0.16589743589743589
all_2-1,2024-11-13,5,0.1716996095348036,8,0.16262820512820514
all_2-1,2024-11-14,5,0.1716996095348036,8,0.16262820512820514
all_2-1,2024-11-15,5,0.1716996095348036,8,0.16262820512820514
all_2-1,2024-11-16,5,0.05639571003831144,8,0.21121794871794874
all_2-1,2024-11-17,5,0.05458149668695007,8,0.2105769230769231
all_2-1,2024-11-18,2,0.07244141494031674,8,0.1710897435897436
all_2-1,2024-11-19,2,0.07244141494031674,8,0.1710897435897436
all_2-1,2024-11-20,2,0.07244141494031674,8,0.1710897435897436
all_2-1,2024-11-21,2,0.07244141494031674,8,0.1710897435897436
all_2-1,2024-11-22,2,0.07244141494031674,8,0.1710897435897436
all_2-1,2024-11-23,5,0.040293306980580104,8,0.21685897435897433
all_2-1,2024-11-24,5,0.04870650448857789,8,0.21262820512820513
all_2-1,2024-11-25,2,0.07735288559967765,8,0.1657051282051282
all_2-1,2024-11-26,2,0.06403954723793749,8,0.16403846153846155
all_2-1,2024-11-27,2,0.06403954723793749,8,0.16403846153846155
all_2-1,2024-11-28,2,0.05923803962023378,8,0.16544871794871796
all_2-1,2024-11-29,2,0.07269411856735501,8,0.16891025641025642
all_2-1,2024-11-30,3,0.16892182764008093,8,0.21903846153846154
all_2-1,2024-12-01,3,0.17468044978347244,8,0.20500000000000002
all_2-1,2024-12-02,2,0.10871021026039925,8,0.17358974358974358
all_2-1,2024-12-03,2,0.12139430251796385,8,0.16903846153846153
all_2-1,2024-12-04,2,0.1009572177828129,8,0.16217948717948716
all_2-1,2024-12-05,2,0.08626329421165845,8,0.16224358974358974
all_2-1,2024-12-06,2,0.0892810653011793,8,0.15423076923076925
all_2-1,2024-12-07,3,0.164513825976197,8,0.22378205128205128
all_2-1,2024-12-08,3,0.164513825976197,8,0.22378205128205128
all_2-1,2024-12-09,2,0.12092922537020812,8,0.12532051282051282
all_2-1,2024-12-10,2,0.13941042578240914,8,0.13435897435897437
all_2-1,2024-12-11,2,0.14987908455590995,8,0.13685897435897437
all_2-1,2024-12-12,2,0.14987908455590995,8,0.13685897435897437
all_2-1,2024-12-13,2,0.1274053020807696,8,0.12371794871794872
all_2-1,2024-12-14,2,0.20998933472533374,8,0.1810897435897436
all_2-1,2024-12-15,2,0.20998933472533374,8,0.1810897435897436
all_2-1,2024-12-16,0,0.10920679728026209,8,0.10371794871794872
all_2-1,2024-12-17,0,0.12106559228731485,8,0.11006410256410257
all_2-1,2024-12-18,0,0.10920679728026209,8,0.10371794871794872
all_2-1,2024-12-19,0,0.10872664097628651,8,0.10897435897435899
all_2-1,2024-12-20,0,0.10784833089854645,8,0.10487179487179486
all_2-1,2024-12-21,3,0.1501926236626133,8,0.2060897435897436
all_2-1,2024-12-22,3,0.1501926236626133,8,0.2060897435897436
all_2-1,2024-12-23,0,0.06126305930630554,8,0.09788461538461539
all_2-1,2024-12-24,0,0.07327085495752407,8,0.10256410256410255
all_2-1,2024-12-25,0,0.07327085495752407,8,0.10256410256410255
all_2-1,2024-12-26,0,0.07327085495752407,8,0.10256410256410255
all_2-1,2024-12-27,0,0.0629262189754661,8,0.09935897435897435
all_2-1,2024-12-28,1,0.05571248017633905,8,0.07089743589743591
all_2-1,2024-12-29,1,0.06841100573471721,8,0.09025641025641026
all_2-1,2024-12-30,1,0.06892377827683603,8,0.0903846153846154
all_2-1,2024-12-31,1,0.06892377827683603,8,0.0903846153846154
all_2-1,2025-01-01,1,0.06200866154450797,8,0.08865384615384614
all_2-1,2025-01-02,1,0.06285348250741203,8,0.08903846153846152
all_2-1,2025-01-03,1,0.06270873213644185,8,0.08897435897435896
all_2-1,2025-01-04,1,0.06842520640583581,8,0.0908974358974359
all_2-1,2025-01-05,1,0.07288820508713562,8,0.0919871794871795
all_2-1,2025-01-06,0,0.05178897871976907,8,0.12365384615384614
all_2-1,2025-01-07,0,0.0521567855837867,8,0.12544871794871792
all_2-1,2025-01-08,0,0.053653548113514596,8,0.1264102564102564
all_2-1,2025-01-09,0,0.05314977992232266,8,0.12615384615384614
all_2-1,2025-01-10,0,0.05253543584502432,8,0.12576923076923074
all_2-1,2025-01-11,3,0.1488291217300655,8,0.24173076923076922
all_2-1,2025-01-12,3,0.15422913085331083,8,0.24314102564102563
all_2-1,2025-01-13,3,0.1728883559094277,8,0.2676282051282051
all_2-1,2025-01-14,0,0.10656347891956963,8,0.14
all_2-1,2025-01-15,0,0.0702314738635355,8,0.13153846153846152
all_2-1,2025-01-16,0,0.06509713225236746,8,0.12166666666666667
all_2-1,2025-01-17,0,0.07110611829363353,8,0.12346153846153848
all_2-1,2025-01-18,2,0.08457530901103445,8,0.15955128205128205
all_2-1,2025-01-19,2,0.09103537208568918,8,0.16339743589743588
all_2-1,2025-01-20,0,0.10066412529093775,8,0.13974358974358975
all_2-1,2025-01-21,0,0.07362524199241126,8,0.12647435897435896
all_2-1,2025-01-22,0,0.07328776938908156,8,0.12711538461538463
all_2-1,2025-01-23,0,0.0737957072167596,8,0.12628205128205128
all_2-1,2025-01-24,0,0.07629208512816382,8,0.13006410256410256
all_2-1,2025-01-25,2,0.0649582068914662,8,0.1423076923076923
all_2-1,2025-01-26,2,0.06706674474813616,8,0.14871794871794874
all_2-1,2025-01-27,0,0.13034236075320793,8,0.12839743589743588
all_2-1,2025-01-28,0,0.12063146762199523,8,0.11429487179487177
all_2-1,2025-01-29,0,0.08281892928590694,8,0.10884615384615383
all_2-1,2025-01-30,0,0.0836440718560986,8,0.10897435897435895
all_2-1,2025-01-31,0,0.08488998228736958,8,0.10916666666666663
all_2-1,2025-02-01,0,0.1560045511781616,8,0.09442307692307693
all_2-1,2025-02-02,0,0.15629148681928715,8,0.09474358974358976
all_2-1,2025-02-03,0,0.25715754416575354,8,0.0842948717948718
all_2-1,2025-02-04,0,0.2231862285277932,8,0.07698717948717948
all_2-1,2025-02-05,0,0.2602249687270586,8,0.08288461538461539
all_2-1,2025-02-06,0,0.22422344465754387,8,0.07724358974358975
all_2-1,2025-02-07,0,0.22260330942292542,8,0.07692307692307693
all_2-1,2025-02-08,1,0.12437786429341899,8,0.02871794871794872
all_2-1,2025-02-09,1,0.12437786429341899,8,0.02871794871794872
all_2-1,2025-02-10,0,0.08773611116712034,8,0.10032051282051282
all_2-1,2025-02-11,1,0.12437786429341899,8,0.02871794871794872
all_2-1,2025-02-12,1,0.06592044530747988,8,0.046794871794871795
all_2-1,2025-02-13,0,0.10420363402289354,8,0.10589743589743592
all_2-1,2025-02-14,0,0.08745300933304309,8,0.10006410256410257
all_2-1,2025-02-15,1,0.030050265246895212,8,0.0653846153846154
all_2-1,2025-02-16,1,0.030214877385680322,8,0.06532051282051282
all_2-1,2025-02-17,0,0.1247095271914872,8,0.12288461538461537
all_2-1,2025-02-18,0,0.12355004708073805,8,0.12070512820512821
all_2-1,2025-02-19,0,0.13604731969176714,8,0.11544871794871796
all_2-1,2025-02-20,0,0.13600606997518266,8,0.11525641025641026
all_2-1,2025-02-21,0,0.13600606997518266,8,0.11525641025641026
all_2-1,2025-02-22,1,0.13196454414730335,8,0.02634615384615385
all_2-1,2025-02-23,1,0.1313494249986349,8,0.026474358974358975
all_2-1,2025-02-24,1,0.13196454414730335,8,0.02634615384615385
all_2-1,2025-02-25,0,0.10298889353965514,8,0.10314102564102566
all_2-1,2025-02-26,0,0.10303363332886935,8,0.10326923076923078
all_2-1,2025-02-27,0,0.09599924036400702,8,0.10282051282051283
all_2-1,2025-02-28,0,0.10969400949213146,8,0.10089743589743588
all_2-1,2025-03-01,0,0.09181869003330917,8,0.1349358974358974
all_2-1,2025-03-02,0,0.09181869003330917,8,0.1349358974358974
all_2-1,2025-03-03,0,0.07136399890466207,8,0.10948717948717951
all_2-1,2025-03-04,0,0.1257307828044009,8,0.13448717948717953
all_2-1,2025-03-05,0,0.1257307828044009,8,0.13448717948717953
all_2-1,2025-03-06,0,0.1257307828044009,8,0.13448717948717953
all_2-1,2025-03-07,0,0.1257307828044009,8,0.13448717948717953
all_2-1,2025-03-08,1,0.036378160329246324,8,0.06820512820512821
all_2-1,2025-03-09,1,0.036378160329246324,8,0.06820512820512821
all_2-1,2025-03-10,1,0.0672992231515827,8,0.07993589743589744
all_2-1,2025-03-11,1,0.04209279745245495,8,0.07230769230769232
all_2-1,2025-03-12,1,0.0672992231515827,8,0.07993589743589744
all_2-1,2025-03-13,1,0.05954353078363214,8,0.05532051282051282
all_2-1,2025-03-14,1,0.07121910943709846,8,0.08237179487179488
all_2-1,2025-03-15,1,0.07394344031080129,8,0.09339743589743588
all_2-1,2025-03-16,1,0.07394344031080129,8,0.09339743589743588
all_2-1,2025-03-17,0,0.06624132460138857,8,0.10019230769230769
all_2-1,2025-03-18,0,0.06313589446929666,8,0.10108974358974358
all_2-1,2025-03-19,0,0.06313589446929666,8,0.10108974358974358
all_2-1,2025-03-20,1,0.07394344031080129,8,0.09339743589743588
all_2-1,2025-03-21,0,0.09685914587305217,8,0.10711538461538461
all_2-1,2025-03-22,1,0.02609851059773338,8,0.06737179487179487
all_2-1,2025-03-23,1,0.02609851059773338,8,0.06737179487179487
all_2-1,2025-03-24,1,0.05358519006571027,8,0.08262820512820512
all_2-1,2025-03-25,1,0.05294250527105893,8,0.08333333333333333
all_2-1,2025-03-26,1,0.0528397466187796,8,0.08320512820512821
all_2-1,2025-03-27,1,0.0528397466187796,8,0.08320512820512821
all_2-1,2025-03-28,0,0.0816726607423076,8,0.1016025641025641
all_2-1,2025-03-29,1,0.11416622298102304,8,0.03153846153846154
all_2-1,2025-03-30,1,0.11416622298102304,8,0.03153846153846154
all_2-1,2025-03-31,0,0.10260185118355229,8,0.10141025641025642
