sheet,date,cluster_id,centroid_value,nearest_d_value,row_index_in_date_group,row_number_in_output_sheet
all_1-0,20240401,0,0.0,0.0,0,1
all_1-0,20240401,1,0.08615384615384615,0.08615384615384615,6,7
all_1-0,20240401,2,0.6266666666666667,0.6266666666666667,4,5
all_1-0,20240402,0,0.015604395604395607,0.0,0,1
all_1-0,20240402,1,0.6266666666666667,0.6266666666666667,4,5
all_1-0,20240403,0,0.0,0.0,0,1
all_1-0,20240403,1,0.01743589743589744,0.01743589743589744,1,2
all_1-0,20240403,2,0.6266666666666667,0.6266666666666667,4,5
all_1-0,20240404,0,0.0,0.0,0,1
all_1-0,20240404,1,0.01743589743589744,0.01743589743589744,1,2
all_1-0,20240404,2,0.1835897435897436,0.1835897435897436,6,7
all_1-0,20240404,3,0.6266666666666667,0.6266666666666667,4,5
all_1-0,20240405,0,0.0,0.0,0,1
all_1-0,20240405,1,0.03076923076923077,0.03076923076923077,1,2
all_1-0,20240405,2,0.6266666666666667,0.6266666666666667,4,5
all_1-0,20240406,0,0.21294871794871792,0.1892307692307692,6,7
all_1-0,20240407,0,0.21294871794871792,0.1892307692307692,6,7
all_1-0,20240408,0,0.0,0.0,0,1
all_1-0,20240409,0,0.0,0.0,0,1
all_1-0,20240410,0,0.0,0.0,0,1
all_1-0,20240411,0,0.0,0.0,0,1
all_1-0,20240412,0,0.0,0.0,0,1
all_1-0,20240413,0,0.2619230769230769,0.26,1,2
all_1-0,20240414,0,0.2619230769230769,0.26,1,2
all_1-0,20240415,0,0.3401282051282052,0.3297435897435897,1,2
all_1-0,20240416,0,0.3401282051282052,0.3297435897435897,1,2
all_1-0,20240417,0,0.3243589743589744,0.3276923076923077,2,3
all_1-0,20240418,0,0.3243589743589744,0.3276923076923077,2,3
all_1-0,20240419,0,0.3243589743589744,0.3276923076923077,2,3
all_1-0,20240420,0,0.3137179487179487,0.281025641025641,2,3
all_1-0,20240421,0,0.31108974358974356,0.281025641025641,2,3
all_1-0,20240422,0,0.3094230769230769,0.3194871794871795,3,4
all_1-0,20240423,0,0.376474358974359,0.3841025641025641,7,8
all_1-0,20240424,0,0.379551282051282,0.3841025641025641,7,8
all_1-0,20240425,0,0.38224358974358974,0.3841025641025641,7,8
all_1-0,20240426,0,0.4025,0.4056410256410257,4,5
all_1-0,20240427,0,0.45647435897435895,0.4471794871794872,2,3
all_1-0,20240428,0,0.3875,0.3625641025641026,3,4
all_1-0,20240429,0,0.3527564102564103,0.3625641025641026,3,4
all_1-0,20240430,0,0.25801282051282054,0.3276923076923077,6,7
all_1-0,20240501,0,0.27019230769230773,0.3430769230769231,6,7
all_1-0,20240502,0,0.3639102564102565,0.3512820512820513,1,2
all_1-0,20240503,0,0.24634615384615388,0.2394871794871795,7,8
all_1-0,20240504,0,0.22854700854700857,0.2282051282051282,6,7
all_1-0,20240504,1,0.6543589743589744,0.6805128205128205,2,3
all_1-0,20240505,0,0.22854700854700857,0.2282051282051282,6,7
all_1-0,20240505,1,0.6543589743589744,0.6805128205128205,2,3
all_1-0,20240506,0,0.22854700854700857,0.2282051282051282,6,7
all_1-0,20240506,1,0.6543589743589744,0.6805128205128205,2,3
all_1-0,20240507,0,0.1135897435897436,0.09128205128205129,6,7
all_1-0,20240507,1,0.4492307692307692,0.4492307692307692,5,6
all_1-0,20240507,2,0.5447863247863247,0.5497435897435897,2,3
all_1-0,20240508,0,0.1964102564102564,0.2066666666666667,6,7
all_1-0,20240508,1,0.4492307692307692,0.4492307692307692,5,6
all_1-0,20240508,2,0.5447863247863247,0.5497435897435897,2,3
all_1-0,20240509,0,0.35403846153846147,0.3487179487179487,1,2
all_1-0,20240510,0,0.35403846153846147,0.3487179487179487,1,2
all_1-0,20240511,0,0.2733333333333334,0.2907692307692308,1,2
all_1-0,20240512,0,0.28461538461538466,0.2907692307692308,1,2
all_1-0,20240513,0,0.0,0.0,0,1
all_1-0,20240514,0,0.0,0.0,0,1
all_1-0,20240515,0,0.0,0.0,1,2
all_1-0,20240515,1,0.4897435897435898,0.4897435897435898,0,1
all_1-0,20240516,0,0.0,0.0,1,2
all_1-0,20240516,1,0.4897435897435898,0.4897435897435898,0,1
all_1-0,20240517,0,0.0,0.0,1,2
all_1-0,20240517,1,0.4897435897435898,0.4897435897435898,0,1
all_1-0,20240518,0,0.0,0.0,1,2
all_1-0,20240518,1,0.01743589743589744,0.01743589743589744,2,3
all_1-0,20240518,2,0.40025641025641023,0.4092307692307692,0,1
all_1-0,20240519,0,0.0,0.0,1,2
all_1-0,20240519,1,0.01743589743589744,0.01743589743589744,2,3
all_1-0,20240519,2,0.40025641025641023,0.4092307692307692,0,1
all_1-0,20240520,0,0.0,0.0,1,2
all_1-0,20240520,1,0.302051282051282,0.302051282051282,0,1
all_1-0,20240521,0,0.0,0.0,1,2
all_1-0,20240521,1,0.302051282051282,0.302051282051282,0,1
all_1-0,20240522,0,0.0,0.0,1,2
all_1-0,20240522,1,0.302051282051282,0.302051282051282,0,1
all_1-0,20240523,0,0.20365384615384616,0.3564102564102564,1,2
all_1-0,20240524,0,0.20365384615384616,0.3564102564102564,1,2
all_1-0,20240525,0,0.01743589743589744,0.01743589743589744,2,3
all_1-0,20240525,1,0.3984615384615385,0.4107692307692308,0,1
all_1-0,20240525,2,0.522051282051282,0.5317948717948717,6,7
all_1-0,20240526,0,0.01743589743589744,0.01743589743589744,2,3
all_1-0,20240526,1,0.3984615384615385,0.4107692307692308,0,1
all_1-0,20240526,2,0.522051282051282,0.5317948717948717,6,7
all_1-0,20240527,0,0.0,0.0,3,4
all_1-0,20240527,1,0.01743589743589744,0.01743589743589744,4,5
all_1-0,20240527,2,0.5191452991452992,0.418974358974359,1,2
all_1-0,20240528,0,0.23025641025641028,0.2671794871794872,3,4
all_1-0,20240529,0,0.0,0.0,1,2
all_1-0,20240529,1,0.01743589743589744,0.01743589743589744,0,1
all_1-0,20240529,2,0.777948717948718,0.6661538461538462,2,3
all_1-0,20240530,0,0.0,0.0,1,2
all_1-0,20240530,1,0.01743589743589744,0.01743589743589744,0,1
all_1-0,20240530,2,0.08564102564102563,0.08564102564102563,3,4
all_1-0,20240530,3,0.6661538461538462,0.6661538461538462,2,3
all_1-0,20240531,0,0.0,0.0,1,2
all_1-0,20240531,1,0.01743589743589744,0.01743589743589744,0,1
all_1-0,20240531,2,0.08256410256410257,0.08256410256410257,3,4
all_1-0,20240531,3,0.6661538461538462,0.6661538461538462,2,3
all_1-0,20240601,0,0.0136996336996337,0.01743589743589744,2,3
all_1-0,20240601,1,0.4343589743589744,0.4343589743589744,0,1
all_1-0,20240602,0,0.0,0.0,0,1
all_1-0,20240602,1,0.01743589743589744,0.01743589743589744,1,2
all_1-0,20240603,0,0.0,0.0,3,4
all_1-0,20240603,1,0.04512820512820513,0.04512820512820513,4,5
all_1-0,20240603,2,0.10051282051282054,0.1107692307692308,7,8
all_1-0,20240603,3,0.42717948717948717,0.4558974358974359,0,1
all_1-0,20240604,0,0.20653846153846153,0.2456410256410256,3,4
all_1-0,20240605,0,0.22044871794871795,0.1087179487179487,7,8
all_1-0,20240606,0,0.35198717948717945,0.3548717948717949,1,2
all_1-0,20240607,0,0.3668589743589743,0.3666666666666667,7,8
all_1-0,20240608,0,0.01743589743589744,0.01743589743589744,2,3
all_1-0,20240608,1,0.2502564102564103,0.2502564102564103,6,7
all_1-0,20240608,2,0.5022222222222222,0.5066666666666667,0,1
all_1-0,20240609,0,0.01743589743589744,0.01743589743589744,2,3
all_1-0,20240609,1,0.2502564102564103,0.2502564102564103,6,7
all_1-0,20240609,2,0.5022222222222222,0.5066666666666667,0,1
all_1-0,20240610,0,0.3598717948717949,0.357948717948718,1,2
all_1-0,20240611,0,0.3707692307692308,0.357948717948718,1,2
all_1-0,20240612,0,0.37615384615384617,0.357948717948718,1,2
all_1-0,20240613,0,0.37615384615384617,0.357948717948718,1,2
all_1-0,20240614,0,0.24121794871794872,0.3276923076923077,3,4
all_1-0,20240615,0,0.2617948717948718,0.1805128205128205,3,4
all_1-0,20240616,0,0.2698076923076923,0.1805128205128205,3,4
all_1-0,20240617,0,0.0,0.0,0,1
all_1-0,20240617,1,0.03333333333333333,0.03333333333333333,4,5
all_1-0,20240617,2,0.2425641025641026,0.2425641025641026,3,4
all_1-0,20240617,3,1.0,1.0,6,7
all_1-0,20240618,0,0.0,0.0,1,2
all_1-0,20240618,1,0.02230769230769231,0.01743589743589744,0,1
all_1-0,20240618,2,0.23717948717948723,0.3117948717948718,3,4
all_1-0,20240618,3,1.0,1.0,6,7
all_1-0,20240619,0,0.0,0.0,2,3
all_1-0,20240619,1,0.01743589743589744,0.01743589743589744,0,1
all_1-0,20240619,2,0.04384615384615385,0.04512820512820513,1,2
all_1-0,20240619,3,1.0,1.0,3,4
all_1-0,20240620,0,0.3425,0.3369230769230769,1,2
all_1-0,20240621,0,0.3808333333333334,0.3758974358974359,1,2
all_1-0,20240622,0,0.33685897435897433,0.3364102564102564,1,2
all_1-0,20240623,0,0.32711538461538464,0.3364102564102564,1,2
all_1-0,20240624,0,0.32153846153846155,0.3338461538461538,1,2
all_1-0,20240625,0,0.37525641025641027,0.3610256410256411,6,7
all_1-0,20240626,0,0.3182692307692308,0.3338461538461538,1,2
all_1-0,20240627,0,0.4295512820512821,0.4056410256410257,4,5
all_1-0,20240628,0,0.2951923076923077,0.2866666666666667,3,4
all_1-0,20240629,0,0.4866666666666667,0.4764102564102564,4,5
all_1-0,20240630,0,0.4866666666666667,0.4764102564102564,4,5
all_1-0,20240701,0,0.3588461538461538,0.3753846153846154,6,7
all_1-0,20240702,0,0.3588461538461538,0.3753846153846154,6,7
all_1-0,20240703,0,0.3588461538461538,0.3753846153846154,6,7
all_1-0,20240704,0,0.3588461538461538,0.3753846153846154,6,7
all_1-0,20240705,0,0.3588461538461538,0.3753846153846154,6,7
all_1-0,20240706,0,0.2941391941391941,0.2907692307692308,6,7
all_1-0,20240706,1,0.5492307692307693,0.5492307692307693,0,1
all_1-0,20240707,0,0.2941391941391941,0.2907692307692308,6,7
all_1-0,20240707,1,0.5492307692307693,0.5492307692307693,0,1
all_1-0,20240708,0,0.2516025641025641,0.2338461538461538,6,7
all_1-0,20240709,0,0.24378205128205127,0.2338461538461538,6,7
all_1-0,20240710,0,0.24224358974358973,0.2338461538461538,6,7
all_1-0,20240711,0,0.37089743589743585,0.2917948717948718,7,8
all_1-0,20240712,0,0.36935897435897436,0.2917948717948718,7,8
all_1-0,20240713,0,0.3426923076923077,0.2733333333333333,4,5
all_1-0,20240714,0,0.3426923076923077,0.2733333333333333,4,5
all_1-0,20240715,0,0.3426923076923077,0.2733333333333333,4,5
all_1-0,20240716,0,0.26826923076923076,0.2779487179487179,0,1
all_1-0,20240717,0,0.31961538461538463,0.3046153846153846,1,2
all_1-0,20240718,0,0.32250000000000006,0.3046153846153846,1,2
all_1-0,20240719,0,0.31961538461538463,0.3046153846153846,1,2
all_1-0,20240720,0,0.2645128205128205,0.2497435897435898,6,7
all_1-0,20240720,1,0.6482051282051282,0.6394871794871795,2,3
all_1-0,20240721,0,0.26102564102564096,0.2456410256410256,7,8
all_1-0,20240721,1,0.6482051282051282,0.6394871794871795,2,3
all_1-0,20240722,0,0.21871794871794872,0.2507692307692307,0,1
all_1-0,20240723,0,0.21884615384615386,0.2507692307692307,0,1
all_1-0,20240724,0,0.21782051282051282,0.2507692307692307,0,1
all_1-0,20240725,0,0.21532051282051282,0.2343589743589744,6,7
all_1-0,20240726,0,0.22641025641025642,0.2507692307692307,0,1
all_1-0,20240727,0,0.11435897435897434,0.1215384615384615,6,7
all_1-0,20240727,1,0.2964102564102564,0.2841025641025641,0,1
all_1-0,20240727,2,0.6288888888888889,0.635897435897436,4,5
all_1-0,20240728,0,0.11948717948717945,0.122051282051282,5,6
all_1-0,20240728,1,0.28307692307692306,0.2841025641025641,0,1
all_1-0,20240728,2,0.6268376068376069,0.635897435897436,4,5
all_1-0,20240729,0,0.3547435897435898,0.3128205128205128,1,2
all_1-0,20240730,0,0.25066666666666665,0.2328205128205128,7,8
all_1-0,20240730,1,0.5630769230769231,0.5564102564102564,3,4
all_1-0,20240731,0,0.250051282051282,0.2328205128205128,7,8
all_1-0,20240731,1,0.5630769230769231,0.5564102564102564,3,4
all_1-0,20240801,0,0.16153846153846155,0.16,7,8
all_1-0,20240801,1,0.31461538461538463,0.3323076923076923,0,1
all_1-0,20240801,2,0.41521367521367525,0.4107692307692308,1,2
all_1-0,20240802,0,0.2892948717948718,0.278974358974359,6,7
all_1-0,20240803,0,0.3699358974358974,0.3794871794871795,4,5
all_1-0,20240804,0,0.3712179487179487,0.3794871794871795,4,5
all_1-0,20240805,0,0.3068589743589744,0.3061538461538462,3,4
all_1-0,20240806,0,0.3044871794871795,0.3061538461538462,3,4
all_1-0,20240807,0,0.3044871794871795,0.3061538461538462,3,4
all_1-0,20240808,0,0.3177564102564103,0.3061538461538462,3,4
all_1-0,20240809,0,0.30987179487179495,0.3061538461538462,3,4
all_1-0,20240810,0,0.29705128205128206,0.338974358974359,2,3
all_1-0,20240811,0,0.328974358974359,0.338974358974359,2,3
all_1-0,20240812,0,0.322948717948718,0.338974358974359,2,3
all_1-0,20240813,0,0.38807692307692304,0.3928205128205128,1,2
all_1-0,20240814,0,0.37083333333333335,0.3928205128205128,1,2
all_1-0,20240815,0,0.3955128205128205,0.3928205128205128,1,2
all_1-0,20240816,0,0.39166666666666666,0.3928205128205128,1,2
all_1-0,20240817,0,0.3705769230769231,0.3707692307692308,0,1
all_1-0,20240818,0,0.37083333333333335,0.3707692307692308,0,1
all_1-0,20240819,0,0.2721794871794872,0.2753846153846154,2,3
all_1-0,20240820,0,0.2721794871794872,0.2753846153846154,2,3
all_1-0,20240821,0,0.2041025641025641,0.2097435897435897,2,3
all_1-0,20240822,0,0.27192307692307693,0.2753846153846154,2,3
all_1-0,20240823,0,0.27179487179487183,0.2753846153846154,2,3
all_1-0,20240824,0,0.14376068376068377,0.18,6,7
all_1-0,20240824,1,0.4261538461538462,0.4348717948717949,1,2
all_1-0,20240824,2,0.5786324786324787,0.5758974358974359,2,3
all_1-0,20240825,0,0.14376068376068377,0.18,6,7
all_1-0,20240825,1,0.4261538461538462,0.4348717948717949,1,2
all_1-0,20240825,2,0.5786324786324787,0.5758974358974359,2,3
all_1-0,20240826,0,0.18188034188034183,0.2056410256410256,6,7
all_1-0,20240826,1,0.3791025641025641,0.3743589743589744,3,4
all_1-0,20240826,2,0.481025641025641,0.481025641025641,2,3
all_1-0,20240827,0,0.17350427350427347,0.1851282051282051,7,8
all_1-0,20240827,1,0.3791025641025641,0.3743589743589744,3,4
all_1-0,20240827,2,0.481025641025641,0.481025641025641,2,3
all_1-0,20240828,0,0.18188034188034183,0.2056410256410256,6,7
all_1-0,20240828,1,0.3791025641025641,0.3743589743589744,3,4
all_1-0,20240828,2,0.481025641025641,0.481025641025641,2,3
all_1-0,20240829,0,0.18188034188034183,0.2056410256410256,6,7
all_1-0,20240829,1,0.3791025641025641,0.3743589743589744,3,4
all_1-0,20240829,2,0.481025641025641,0.481025641025641,2,3
all_1-0,20240830,0,0.17145299145299142,0.178974358974359,7,8
all_1-0,20240830,1,0.37897435897435894,0.3743589743589744,3,4
all_1-0,20240830,2,0.481025641025641,0.481025641025641,2,3
all_1-0,20240831,0,0.3228205128205128,0.3369230769230769,0,1
all_1-0,20240901,0,0.30006410256410254,0.3605128205128205,1,2
all_1-0,20240902,0,0.2902564102564103,0.257948717948718,2,3
all_1-0,20240903,0,0.24685897435897433,0.2507692307692307,0,1
all_1-0,20240904,0,0.24685897435897433,0.2507692307692307,0,1
all_1-0,20240905,0,0.24685897435897433,0.2507692307692307,0,1
all_1-0,20240906,0,0.24685897435897433,0.2507692307692307,0,1
all_1-0,20240907,0,0.3562820512820513,0.3312820512820513,0,1
all_1-0,20240908,0,0.3562820512820513,0.3312820512820513,0,1
all_1-0,20240909,0,0.2578846153846154,0.2394871794871795,3,4
all_1-0,20240910,0,0.2578846153846154,0.2394871794871795,3,4
all_1-0,20240911,0,0.15737179487179487,0.1733333333333333,2,3
all_1-0,20240912,0,0.2578846153846154,0.2394871794871795,3,4
all_1-0,20240913,0,0.2578846153846154,0.2394871794871795,3,4
all_1-0,20240914,0,0.30423076923076925,0.3205128205128205,2,3
all_1-0,20240915,0,0.30365384615384616,0.3205128205128205,2,3
all_1-0,20240916,0,0.24224358974358978,0.2589743589743589,2,3
all_1-0,20240917,0,0.15442307692307694,0.1374358974358974,2,3
all_1-0,20240918,0,0.1533974358974359,0.1338461538461538,2,3
all_1-0,20240919,0,0.21673076923076923,0.2138461538461539,3,4
all_1-0,20240920,0,0.22826923076923078,0.2194871794871795,7,8
all_1-0,20240921,0,0.25243589743589745,0.2871794871794872,4,5
all_1-0,20240922,0,0.25846153846153846,0.2446153846153846,0,1
all_1-0,20240923,0,0.13470085470085466,0.1297435897435897,0,1
all_1-0,20240923,1,0.2102564102564102,0.2102564102564102,7,8
all_1-0,20240923,2,0.2958974358974359,0.2871794871794872,4,5
all_1-0,20240923,3,0.3733333333333333,0.3615384615384615,1,2
all_1-0,20240924,0,0.24006410256410257,0.2358974358974359,7,8
all_1-0,20240925,0,0.23442307692307693,0.2287179487179487,2,3
all_1-0,20240926,0,0.08410256410256409,0.08358974358974358,1,2
all_1-0,20240926,1,0.3210256410256411,0.3184615384615385,5,6
all_1-0,20240927,0,0.23737179487179488,0.2358974358974359,7,8
all_1-0,20240928,0,0.27557692307692305,0.2676923076923077,0,1
all_1-0,20240929,0,0.27557692307692305,0.2676923076923077,0,1
all_1-0,20240930,0,0.0735042735042735,0.07179487179487179,0,1
all_1-0,20240930,1,0.1117948717948718,0.1138461538461539,3,4
all_1-0,20240930,2,0.2733333333333333,0.2482051282051282,6,7
all_1-0,20241001,0,0.19634615384615384,0.2046153846153846,3,4
all_1-0,20241002,0,0.11897435897435901,0.1271794871794872,7,8
all_1-0,20241002,1,0.1730769230769231,0.177948717948718,0,1
all_1-0,20241002,2,0.2476923076923077,0.2482051282051282,6,7
all_1-0,20241002,3,0.2876923076923077,0.2769230769230769,1,2
all_1-0,20241003,0,0.20493589743589744,0.177948717948718,0,1
all_1-0,20241004,0,0.20455128205128204,0.177948717948718,0,1
all_1-0,20241005,0,0.2646794871794872,0.2051282051282051,0,1
all_1-0,20241006,0,0.28423076923076923,0.3333333333333333,1,2
all_1-0,20241007,0,0.25134615384615383,0.201025641025641,0,1
all_1-0,20241008,0,0.25134615384615383,0.201025641025641,0,1
all_1-0,20241009,0,0.25134615384615383,0.201025641025641,0,1
all_1-0,20241010,0,0.25134615384615383,0.201025641025641,0,1
all_1-0,20241011,0,0.191025641025641,0.1912820512820513,3,4
all_1-0,20241012,0,0.082991452991453,0.08666666666666667,0,1
all_1-0,20241012,1,0.6384615384615384,0.6333333333333333,3,4
all_1-0,20241013,0,0.02341880341880342,0.02512820512820513,5,6
all_1-0,20241013,1,0.0841025641025641,0.0841025641025641,0,1
all_1-0,20241013,2,0.19,0.1723076923076923,1,2
all_1-0,20241013,3,0.6384615384615384,0.6333333333333333,3,4
all_1-0,20241014,0,0.07292307692307691,0.1051282051282051,1,2
all_1-0,20241014,1,0.5468376068376068,0.6061538461538462,4,5
all_1-0,20241015,0,0.17596153846153847,0.1702564102564103,4,5
all_1-0,20241016,0,0.17596153846153847,0.1702564102564103,4,5
all_1-0,20241017,0,0.17596153846153847,0.1702564102564103,4,5
all_1-0,20241018,0,0.17596153846153847,0.1702564102564103,4,5
all_1-0,20241019,0,0.30217948717948717,0.2912820512820513,0,1
all_1-0,20241020,0,0.2765384615384615,0.2912820512820513,0,1
all_1-0,20241021,0,0.1999358974358974,0.1969230769230769,2,3
all_1-0,20241022,0,0.15025641025641026,0.1620512820512821,0,1
all_1-0,20241022,1,0.5233333333333333,0.4235897435897436,4,5
all_1-0,20241023,0,0.3210897435897436,0.3774358974358974,1,2
all_1-0,20241024,0,0.3210897435897436,0.3774358974358974,1,2
all_1-0,20241025,0,0.33141025641025645,0.3774358974358974,1,2
all_1-0,20241026,0,0.34217948717948715,0.3441025641025641,1,2
all_1-0,20241027,0,0.328525641025641,0.3051282051282052,0,1
all_1-0,20241028,0,0.1264102564102564,0.1205128205128205,2,3
all_1-0,20241028,1,0.31230769230769234,0.3025641025641026,4,5
all_1-0,20241029,0,0.2894871794871795,0.3025641025641026,4,5
all_1-0,20241030,0,0.10376068376068377,0.1205128205128205,2,3
all_1-0,20241030,1,0.29784615384615387,0.3066666666666667,3,4
all_1-0,20241031,0,0.2930128205128205,0.3025641025641026,4,5
all_1-0,20241101,0,0.10461538461538462,0.09846153846153846,7,8
all_1-0,20241101,1,0.24800000000000005,0.2512820512820513,0,1
all_1-0,20241102,0,0.2019487179487179,0.1969230769230769,0,1
all_1-0,20241102,1,0.4593162393162393,0.4774358974358975,3,4
all_1-0,20241103,0,0.19846153846153844,0.1969230769230769,0,1
all_1-0,20241103,1,0.3153846153846154,0.3153846153846154,1,2
all_1-0,20241103,2,0.4593162393162393,0.4774358974358975,3,4
all_1-0,20241104,0,0.19166666666666665,0.1969230769230769,0,1
all_1-0,20241104,1,0.3153846153846154,0.3153846153846154,1,2
all_1-0,20241104,2,0.4593162393162393,0.4774358974358975,3,4
all_1-0,20241105,0,0.1682051282051282,0.1682051282051282,0,1
all_1-0,20241105,1,0.18205128205128204,0.18,5,6
all_1-0,20241105,2,0.3500854700854701,0.3441025641025641,1,2
all_1-0,20241105,3,1.0,1.0,2,3
all_1-0,20241106,0,0.30647435897435893,0.3261538461538462,3,4
all_1-0,20241107,0,0.30653846153846154,0.3261538461538462,3,4
all_1-0,20241108,0,0.15916666666666668,0.1682051282051282,7,8
all_1-0,20241109,0,0.23117948717948716,0.2348717948717949,7,8
all_1-0,20241109,1,0.5854700854700855,0.6220512820512821,3,4
all_1-0,20241110,0,0.23487179487179494,0.2348717948717949,0,1
all_1-0,20241110,1,0.6565811965811966,0.6974358974358974,3,4
all_1-0,20241111,0,0.3766025641025641,0.4507692307692307,4,5
all_1-0,20241112,0,0.21711538461538465,0.2225641025641026,0,1
all_1-0,20241113,0,0.0758974358974359,0.01948717948717949,6,7
all_1-0,20241113,1,0.42102564102564094,0.4246153846153846,3,4
all_1-0,20241114,0,0.18641025641025638,0.182051282051282,6,7
all_1-0,20241114,1,0.419059829059829,0.4158974358974359,2,3
all_1-0,20241115,0,0.18641025641025638,0.182051282051282,6,7
all_1-0,20241115,1,0.419059829059829,0.4158974358974359,2,3
all_1-0,20241116,0,0.4121153846153846,0.4092307692307692,0,1
all_1-0,20241117,0,0.4121153846153846,0.4092307692307692,0,1
all_1-0,20241118,0,0.5389102564102564,0.4502564102564102,5,6
all_1-0,20241119,0,0.5389102564102564,0.4502564102564102,5,6
all_1-0,20241120,0,0.5389102564102564,0.4502564102564102,5,6
all_1-0,20241121,0,0.5389102564102564,0.4502564102564102,5,6
all_1-0,20241122,0,0.5389102564102564,0.4502564102564102,5,6
all_1-0,20241123,0,0.3219871794871795,0.3128205128205128,0,1
all_1-0,20241124,0,0.30769230769230765,0.2943589743589743,5,6
all_1-0,20241125,0,0.24837606837606838,0.2246153846153846,2,3
all_1-0,20241125,1,0.43846153846153846,0.4256410256410257,7,8
all_1-0,20241125,2,0.4909401709401709,0.4933333333333333,5,6
all_1-0,20241126,0,0.24837606837606838,0.2246153846153846,2,3
all_1-0,20241126,1,0.43692307692307697,0.4338461538461539,5,6
all_1-0,20241126,2,0.4897435897435898,0.4943589743589744,4,5
all_1-0,20241127,0,0.24837606837606838,0.2246153846153846,2,3
all_1-0,20241127,1,0.43846153846153846,0.4256410256410257,7,8
all_1-0,20241127,2,0.4909401709401709,0.4933333333333333,5,6
all_1-0,20241128,0,0.24837606837606838,0.2246153846153846,2,3
all_1-0,20241128,1,0.43846153846153846,0.4256410256410257,7,8
all_1-0,20241128,2,0.4909401709401709,0.4933333333333333,5,6
all_1-0,20241129,0,0.20435897435897435,0.2041025641025641,0,1
all_1-0,20241129,1,0.3164102564102564,0.3164102564102564,1,2
all_1-0,20241129,2,0.46974358974358976,0.4635897435897435,2,3
all_1-0,20241130,0,0.20102564102564102,0.1953846153846154,7,8
all_1-0,20241130,1,0.40393162393162396,0.4005128205128205,2,3
all_1-0,20241130,2,0.7371794871794872,0.7646153846153846,4,5
all_1-0,20241201,0,0.21046153846153842,0.2102564102564102,0,1
all_1-0,20241201,1,0.4517948717948718,0.4517948717948718,2,3
all_1-0,20241201,2,0.73,0.7030769230769232,3,4
all_1-0,20241202,0,0.201025641025641,0.2097435897435897,0,1
all_1-0,20241202,1,0.4945299145299145,0.5005128205128205,6,7
all_1-0,20241203,0,0.201025641025641,0.2097435897435897,0,1
all_1-0,20241203,1,0.4843589743589744,0.4856410256410257,5,6
all_1-0,20241204,0,0.21815384615384614,0.2097435897435897,0,1
all_1-0,20241204,1,0.5105982905982906,0.5005128205128205,6,7
all_1-0,20241205,0,0.2005128205128205,0.1994871794871795,7,8
all_1-0,20241205,1,0.40923076923076923,0.4374358974358974,5,6
all_1-0,20241205,2,0.5323076923076924,0.5641025641025641,4,5
all_1-0,20241206,0,0.2005128205128205,0.1994871794871795,7,8
all_1-0,20241206,1,0.3230769230769231,0.3230769230769231,2,3
all_1-0,20241206,2,0.4747008547008547,0.4671794871794872,3,4
all_1-0,20241206,3,0.5641025641025641,0.5641025641025641,4,5
all_1-0,20241207,0,0.2070769230769231,0.2251282051282051,0,1
all_1-0,20241207,1,0.6388034188034188,0.716923076923077,4,5
all_1-0,20241208,0,0.2070769230769231,0.2251282051282051,0,1
all_1-0,20241208,1,0.6388034188034188,0.716923076923077,4,5
all_1-0,20241209,0,0.1805128205128205,0.1805128205128205,0,1
all_1-0,20241209,1,0.1841025641025641,0.1841025641025641,2,3
all_1-0,20241209,2,0.22153846153846157,0.2225641025641026,6,7
all_1-0,20241209,3,0.6558974358974359,0.6379487179487179,3,4
all_1-0,20241210,0,0.3588461538461538,0.34,3,4
all_1-0,20241211,0,0.1805128205128205,0.1805128205128205,0,1
all_1-0,20241211,1,0.1841025641025641,0.1841025641025641,2,3
all_1-0,20241211,2,0.22153846153846157,0.2225641025641026,6,7
all_1-0,20241211,3,0.34,0.34,3,4
all_1-0,20241211,4,0.6641025641025641,0.6641025641025641,4,5
all_1-0,20241212,0,0.1805128205128205,0.1805128205128205,0,1
all_1-0,20241212,1,0.1841025641025641,0.1841025641025641,2,3
all_1-0,20241212,2,0.22153846153846157,0.2225641025641026,6,7
all_1-0,20241212,3,0.34,0.34,3,4
all_1-0,20241212,4,0.6641025641025641,0.6641025641025641,4,5
all_1-0,20241213,0,0.1805128205128205,0.1805128205128205,0,1
all_1-0,20241213,1,0.1841025641025641,0.1841025641025641,2,3
all_1-0,20241213,2,0.22974358974358977,0.2369230769230769,5,6
all_1-0,20241213,3,0.6558974358974359,0.6379487179487179,3,4
all_1-0,20241214,0,0.21940170940170942,0.2425641025641026,1,2
all_1-0,20241214,1,0.63,0.5682051282051283,3,4
all_1-0,20241215,0,0.20461538461538464,0.1805128205128205,5,6
all_1-0,20241215,1,0.63,0.5682051282051283,3,4
all_1-0,20241216,0,0.12653846153846152,0.1297435897435897,1,2
all_1-0,20241216,1,0.19384615384615383,0.1856410256410256,7,8
all_1-0,20241216,2,0.5094871794871795,0.5471794871794872,3,4
all_1-0,20241217,0,0.1473076923076923,0.1446153846153846,1,2
all_1-0,20241217,1,0.25051282051282053,0.2630769230769231,5,6
all_1-0,20241217,2,0.5241025641025641,0.5471794871794872,3,4
all_1-0,20241218,0,0.12700854700854697,0.1307692307692307,0,1
all_1-0,20241218,1,0.19162393162393157,0.1856410256410256,7,8
all_1-0,20241218,2,0.5094871794871795,0.5471794871794872,3,4
all_1-0,20241219,0,0.16461538461538464,0.1584615384615385,2,3
all_1-0,20241219,1,0.4717948717948718,0.4717948717948718,4,5
all_1-0,20241220,0,0.1408547008547009,0.1461538461538462,1,2
all_1-0,20241220,1,0.19829059829059834,0.1958974358974359,7,8
all_1-0,20241220,2,0.5094871794871795,0.5471794871794872,3,4
all_1-0,20241221,0,0.17702564102564103,0.1805128205128205,7,8
all_1-0,20241221,1,0.6011965811965813,0.6451282051282051,3,4
all_1-0,20241222,0,0.36679487179487175,0.2912820512820513,5,6
all_1-0,20241223,0,0.19604395604395602,0.1964102564102564,5,6
all_1-0,20241223,1,0.5225641025641026,0.5225641025641026,4,5
all_1-0,20241224,0,0.1863003663003663,0.181025641025641,7,8
all_1-0,20241224,1,0.5246153846153846,0.5246153846153846,4,5
all_1-0,20241225,0,0.1805860805860806,0.181025641025641,7,8
all_1-0,20241225,1,0.5246153846153846,0.5246153846153846,4,5
all_1-0,20241226,0,0.17604395604395603,0.181025641025641,7,8
all_1-0,20241226,1,0.5246153846153846,0.5246153846153846,4,5
all_1-0,20241227,0,0.17683760683760685,0.1769230769230769,1,2
all_1-0,20241227,1,0.2348717948717949,0.2348717948717949,3,4
all_1-0,20241227,2,0.5225641025641026,0.5225641025641026,4,5
all_1-0,20241228,0,0.05897435897435897,0.06,0,1
all_1-0,20241228,1,0.18273504273504274,0.1805128205128205,2,3
all_1-0,20241228,2,0.2015384615384616,0.2015384615384616,6,7
all_1-0,20241229,0,0.01743589743589744,0.01743589743589744,4,5
all_1-0,20241229,1,0.08598290598290598,0.08358974358974358,0,1
all_1-0,20241229,2,0.1805128205128205,0.1805128205128205,2,3
all_1-0,20241229,3,0.18974358974358974,0.1871794871794872,5,6
all_1-0,20241230,0,0.12185897435897435,0.0964102564102564,7,8
all_1-0,20241231,0,0.12185897435897435,0.0964102564102564,7,8
all_1-0,20250101,0,0.12115384615384614,0.0964102564102564,7,8
all_1-0,20250102,0,0.12115384615384614,0.0964102564102564,7,8
all_1-0,20250103,0,0.12115384615384614,0.0964102564102564,7,8
all_1-0,20250104,0,0.01743589743589744,0.01743589743589744,4,5
all_1-0,20250104,1,0.07974358974358975,0.08,7,8
all_1-0,20250104,2,0.19008547008547008,0.1907692307692308,2,3
all_1-0,20250105,0,0.01743589743589744,0.01743589743589744,4,5
all_1-0,20250105,1,0.07811965811965811,0.07743589743589743,1,2
all_1-0,20250105,2,0.1858119658119658,0.1861538461538461,6,7
all_1-0,20250105,3,0.198974358974359,0.198974358974359,5,6
all_1-0,20250106,0,0.20916666666666667,0.2123076923076923,5,6
all_1-0,20250107,0,0.20801282051282052,0.1907692307692308,7,8
all_1-0,20250108,0,0.2123717948717949,0.2030769230769231,5,6
all_1-0,20250109,0,0.09743589743589744,0.0958974358974359,0,1
all_1-0,20250109,1,0.19815384615384612,0.1948717948717949,2,3
all_1-0,20250109,2,0.4738461538461539,0.4738461538461539,4,5
all_1-0,20250110,0,0.1783150183150183,0.1769230769230769,7,8
all_1-0,20250110,1,0.4738461538461539,0.4738461538461539,4,5
all_1-0,20250111,0,0.4112820512820513,0.4035897435897436,2,3
all_1-0,20250112,0,0.4156410256410257,0.4035897435897436,2,3
all_1-0,20250113,0,0.41121794871794876,0.4035897435897436,2,3
all_1-0,20250114,0,0.21230769230769234,0.2143589743589744,3,4
all_1-0,20250114,1,0.5333333333333333,0.5333333333333333,4,5
all_1-0,20250115,0,0.09461538461538462,0.09076923076923077,0,1
all_1-0,20250115,1,0.2230769230769231,0.2215384615384615,5,6
all_1-0,20250115,2,0.5333333333333333,0.5333333333333333,4,5
all_1-0,20250116,0,0.17769230769230773,0.1851282051282051,2,3
all_1-0,20250117,0,0.17467948717948717,0.1641025641025641,2,3
all_1-0,20250118,0,0.19273504273504272,0.1917948717948718,5,6
all_1-0,20250118,1,0.4915384615384615,0.4682051282051282,3,4
all_1-0,20250119,0,0.19478632478632477,0.1917948717948718,5,6
all_1-0,20250119,1,0.4915384615384615,0.4682051282051282,3,4
all_1-0,20250120,0,0.1783882783882784,0.1748717948717949,6,7
all_1-0,20250120,1,0.5107692307692309,0.5107692307692309,4,5
all_1-0,20250121,0,0.2155769230769231,0.2158974358974359,5,6
all_1-0,20250122,0,0.21083333333333334,0.2215384615384615,5,6
all_1-0,20250123,0,0.22705128205128208,0.2230769230769231,7,8
all_1-0,20250124,0,0.2312179487179487,0.2369230769230769,5,6
all_1-0,20250125,0,0.14743589743589744,0.1374358974358974,6,7
all_1-0,20250125,1,0.34512820512820513,0.3302564102564103,3,4
all_1-0,20250126,0,0.15025641025641023,0.1374358974358974,6,7
all_1-0,20250126,1,0.34512820512820513,0.3302564102564103,3,4
all_1-0,20250127,0,0.27153846153846156,0.2979487179487179,6,7
all_1-0,20250128,0,0.268525641025641,0.3076923076923077,3,4
all_1-0,20250129,0,0.25019230769230766,0.2358974358974359,5,6
all_1-0,20250130,0,0.24641025641025638,0.2338461538461538,5,6
all_1-0,20250131,0,0.15876923076923077,0.1651282051282051,7,8
all_1-0,20250131,1,0.3051282051282051,0.2892307692307692,2,3
all_1-0,20250131,2,0.6666666666666666,0.6666666666666666,4,5
all_1-0,20250201,0,0.12538461538461537,0.1292307692307692,1,2
all_1-0,20250201,1,0.3076923076923077,0.3076923076923077,2,3
all_1-0,20250201,2,0.3871794871794872,0.3871794871794872,3,4
all_1-0,20250202,0,0.19865384615384613,0.2348717948717949,2,3
all_1-0,20250203,0,0.09504273504273503,0.09435897435897436,0,1
all_1-0,20250203,1,0.17794871794871797,0.1764102564102564,5,6
all_1-0,20250203,2,0.6871794871794872,0.6871794871794872,4,5
all_1-0,20250204,0,0.1616849816849817,0.1507692307692308,5,6
all_1-0,20250204,1,0.6974358974358974,0.6974358974358974,4,5
all_1-0,20250205,0,0.28589743589743594,0.2882051282051282,6,7
all_1-0,20250206,0,0.15047619047619046,0.1338461538461538,5,6
all_1-0,20250206,1,0.6871794871794872,0.6871794871794872,4,5
all_1-0,20250207,0,0.14871794871794872,0.1348717948717949,5,6
all_1-0,20250207,1,0.6871794871794872,0.6871794871794872,4,5
all_1-0,20250208,0,0.13435897435897434,0.1328205128205128,0,1
all_1-0,20250208,1,0.1835897435897436,0.1835897435897436,6,7
all_1-0,20250208,2,0.2364102564102564,0.2364102564102564,5,6
all_1-0,20250209,0,0.13435897435897434,0.1328205128205128,0,1
all_1-0,20250209,1,0.1835897435897436,0.1835897435897436,6,7
all_1-0,20250209,2,0.2364102564102564,0.2364102564102564,5,6
all_1-0,20250210,0,0.30108974358974355,0.3035897435897436,2,3
all_1-0,20250211,0,0.13435897435897434,0.1328205128205128,0,1
all_1-0,20250211,1,0.1835897435897436,0.1835897435897436,6,7
all_1-0,20250211,2,0.2364102564102564,0.2364102564102564,5,6
all_1-0,20250212,0,0.2430128205128205,0.2466666666666666,2,3
all_1-0,20250213,0,0.321025641025641,0.3205128205128205,6,7
all_1-0,20250214,0,0.30801282051282053,0.3035897435897436,2,3
all_1-0,20250215,0,0.2312820512820513,0.2348717948717949,3,4
all_1-0,20250216,0,0.23115384615384615,0.2348717948717949,3,4
all_1-0,20250217,0,0.16589743589743589,0.16,0,1
all_1-0,20250217,1,0.3448717948717948,0.3543589743589743,2,3
all_1-0,20250218,0,0.16641025641025642,0.1728205128205128,1,2
all_1-0,20250218,1,0.3612820512820513,0.3548717948717949,4,5
all_1-0,20250219,0,0.16641025641025642,0.1728205128205128,1,2
all_1-0,20250219,1,0.3583760683760684,0.3548717948717949,4,5
all_1-0,20250220,0,0.18692307692307691,0.1882051282051282,1,2
all_1-0,20250220,1,0.34782051282051285,0.3415384615384616,7,8
all_1-0,20250220,2,0.4207692307692308,0.4230769230769231,5,6
all_1-0,20250221,0,0.1876923076923077,0.1897435897435898,1,2
all_1-0,20250221,1,0.35683760683760685,0.3548717948717949,4,5
all_1-0,20250222,0,0.18435897435897436,0.1456410256410256,1,2
all_1-0,20250223,0,0.13935897435897435,0.1394871794871795,4,5
all_1-0,20250223,1,0.2133333333333333,0.2133333333333333,7,8
all_1-0,20250223,2,0.23606837606837608,0.2353846153846154,2,3
all_1-0,20250224,0,0.14076923076923079,0.1394871794871795,4,5
all_1-0,20250224,1,0.23521367521367523,0.2353846153846154,2,3
all_1-0,20250224,2,0.241025641025641,0.241025641025641,7,8
all_1-0,20250225,0,0.1558974358974359,0.1471794871794872,0,1
all_1-0,20250225,1,0.3150769230769231,0.3138461538461538,3,4
all_1-0,20250225,2,0.3820512820512821,0.3820512820512821,5,6
all_1-0,20250226,0,0.15256410256410255,0.1435897435897436,0,1
all_1-0,20250226,1,0.3114871794871795,0.3138461538461538,3,4
all_1-0,20250226,2,0.3820512820512821,0.3820512820512821,5,6
all_1-0,20250227,0,0.16495726495726495,0.1615384615384615,1,2
all_1-0,20250227,1,0.3105641025641025,0.3138461538461538,3,4
all_1-0,20250228,0,0.13264957264957267,0.1302564102564103,1,2
all_1-0,20250228,1,0.2622564102564103,0.2630769230769231,4,5
all_1-0,20250301,0,0.2873717948717949,0.2974358974358974,3,4
all_1-0,20250302,0,0.19102564102564107,0.2015384615384616,0,1
all_1-0,20250302,1,0.33213675213675214,0.3302564102564103,5,6
all_1-0,20250303,0,0.3359615384615385,0.3425641025641025,1,2
all_1-0,20250304,0,0.3602564102564103,0.3425641025641025,1,2
all_1-0,20250305,0,0.35185897435897434,0.3425641025641025,1,2
all_1-0,20250306,0,0.3125,0.3276923076923077,2,3
all_1-0,20250307,0,0.3079487179487179,0.2923076923076923,4,5
all_1-0,20250308,0,0.12225641025641028,0.1138461538461539,1,2
all_1-0,20250308,1,0.2974358974358974,0.2974358974358974,2,3
all_1-0,20250309,0,0.12225641025641028,0.1138461538461539,1,2
all_1-0,20250309,1,0.2974358974358974,0.2974358974358974,2,3
all_1-0,20250310,0,0.2652564102564102,0.2687179487179487,1,2
all_1-0,20250310,1,0.43051282051282047,0.4256410256410257,2,3
all_1-0,20250311,0,0.3296153846153846,0.3461538461538461,4,5
all_1-0,20250312,0,0.3046794871794872,0.3194871794871795,7,8
all_1-0,20250313,0,0.2917948717948718,0.3,0,1
all_1-0,20250313,1,0.838974358974359,1.0,2,3
all_1-0,20250314,0,0.33955128205128204,0.3461538461538461,4,5
all_1-0,20250315,0,0.18943589743589745,0.1892307692307692,1,2
all_1-0,20250315,1,0.3121367521367521,0.3082051282051282,5,6
all_1-0,20250316,0,0.18943589743589745,0.1892307692307692,1,2
all_1-0,20250316,1,0.3121367521367521,0.3082051282051282,5,6
all_1-0,20250317,0,0.34378205128205125,0.3364102564102564,6,7
all_1-0,20250318,0,0.35108974358974354,0.3466666666666667,6,7
all_1-0,20250319,0,0.34980769230769226,0.3364102564102564,6,7
all_1-0,20250320,0,0.18943589743589745,0.1892307692307692,1,2
all_1-0,20250320,1,0.3121367521367521,0.3082051282051282,5,6
all_1-0,20250321,0,0.31846153846153846,0.3353846153846154,6,7
all_1-0,20250322,0,0.13102564102564104,0.1287179487179487,1,2
all_1-0,20250322,1,0.2974358974358974,0.2974358974358974,2,3
all_1-0,20250322,2,0.2979487179487179,0.2979487179487179,5,6
all_1-0,20250323,0,0.14123076923076924,0.1384615384615385,7,8
all_1-0,20250323,1,0.29760683760683754,0.2974358974358974,2,3
all_1-0,20250324,0,0.27032051282051284,0.2266666666666667,6,7
all_1-0,20250325,0,0.30192307692307696,0.3282051282051282,4,5
all_1-0,20250326,0,0.18730769230769234,0.18,1,2
all_1-0,20250326,1,0.4394871794871795,0.441025641025641,2,3
all_1-0,20250327,0,0.2808333333333333,0.2682051282051282,2,3
all_1-0,20250328,0,0.3062179487179487,0.2897435897435898,2,3
all_1-0,20250329,0,0.10942307692307691,0.1092307692307692,2,3
all_1-0,20250330,0,0.10025641025641024,0.09794871794871794,0,1
all_1-0,20250330,1,0.1682051282051282,0.1682051282051282,2,3
all_1-0,20250330,2,0.1805128205128205,0.1805128205128205,3,4
all_1-0,20250331,0,0.07846153846153847,0.08102564102564103,1,2
all_1-0,20250331,1,0.17504273504273504,0.1728205128205128,2,3
all_1-0,20250331,2,0.3695726495726495,0.3574358974358974,3,4
all_2-1,20240401,0,0.4186538461538462,0.398974358974359,5,6
all_2-1,20240402,0,0.4186538461538462,0.398974358974359,5,6
all_2-1,20240403,0,0.4186538461538462,0.398974358974359,5,6
all_2-1,20240404,0,0.4186538461538462,0.398974358974359,5,6
all_2-1,20240405,0,0.4186538461538462,0.398974358974359,5,6
all_2-1,20240406,0,0.4126282051282051,0.4087179487179487,2,3
all_2-1,20240407,0,0.41525641025641025,0.4087179487179487,2,3
all_2-1,20240408,0,0.6034615384615385,0.6194871794871795,5,6
all_2-1,20240409,0,0.6034615384615385,0.6194871794871795,5,6
all_2-1,20240410,0,0.6034615384615385,0.6194871794871795,5,6
all_2-1,20240411,0,0.6034615384615385,0.6194871794871795,5,6
all_2-1,20240412,0,0.6034615384615385,0.6194871794871795,5,6
all_2-1,20240413,0,0.34371794871794875,0.3574358974358974,5,6
all_2-1,20240414,0,0.34371794871794875,0.3574358974358974,5,6
all_2-1,20240415,0,0.37653846153846154,0.3969230769230769,2,3
all_2-1,20240416,0,0.37653846153846154,0.3969230769230769,2,3
all_2-1,20240417,0,0.35128205128205137,0.3323076923076923,3,4
all_2-1,20240418,0,0.35128205128205137,0.3323076923076923,3,4
all_2-1,20240419,0,0.35128205128205137,0.3323076923076923,3,4
all_2-1,20240420,0,0.3908974358974359,0.3994871794871795,1,2
all_2-1,20240421,0,0.38833333333333336,0.381025641025641,2,3
all_2-1,20240422,0,0.4023076923076923,0.3820512820512821,0,1
all_2-1,20240423,0,0.5510256410256411,0.5712820512820513,0,1
all_2-1,20240424,0,0.5510256410256411,0.5712820512820513,0,1
all_2-1,20240425,0,0.5510256410256411,0.5712820512820513,0,1
all_2-1,20240426,0,0.5030128205128206,0.4666666666666667,1,2
all_2-1,20240427,0,0.44128205128205134,0.438974358974359,2,3
all_2-1,20240428,0,0.38557692307692304,0.3948717948717949,5,6
all_2-1,20240429,0,0.42205128205128206,0.4025641025641025,1,2
all_2-1,20240430,0,0.4202564102564103,0.4025641025641025,1,2
all_2-1,20240430,1,0.6802564102564101,0.6717948717948717,3,4
all_2-1,20240501,0,0.3676923076923077,0.3687179487179487,4,5
all_2-1,20240501,1,0.37564102564102564,0.3753846153846154,1,2
all_2-1,20240501,2,0.4241025641025641,0.4143589743589743,0,1
all_2-1,20240501,3,0.6556410256410257,0.6841025641025641,2,3
all_2-1,20240502,0,0.37025641025641026,0.3687179487179487,4,5
all_2-1,20240502,1,0.42905982905982903,0.4338461538461539,7,8
all_2-1,20240502,2,0.6438461538461538,0.6841025641025641,2,3
all_2-1,20240503,0,0.32487179487179485,0.3497435897435898,5,6
all_2-1,20240504,0,0.1973076923076923,0.1974358974358974,1,2
all_2-1,20240504,1,0.4014102564102564,0.3979487179487179,3,4
all_2-1,20240505,0,0.1973076923076923,0.1974358974358974,1,2
all_2-1,20240505,1,0.39820512820512816,0.3979487179487179,3,4
all_2-1,20240506,0,0.1973076923076923,0.1974358974358974,1,2
all_2-1,20240506,1,0.4003846153846154,0.3979487179487179,3,4
all_2-1,20240507,0,0.2821794871794872,0.2866666666666667,5,6
all_2-1,20240508,0,0.2894871794871795,0.2866666666666667,5,6
all_2-1,20240509,0,0.3449358974358974,0.3476923076923077,5,6
all_2-1,20240510,0,0.3449358974358974,0.3476923076923077,5,6
all_2-1,20240511,0,0.296025641025641,0.3051282051282052,1,2
all_2-1,20240512,0,0.3078205128205128,0.3051282051282052,1,2
all_2-1,20240513,0,0.3004487179487179,0.2779487179487179,5,6
all_2-1,20240514,0,0.3004487179487179,0.2779487179487179,5,6
all_2-1,20240515,0,0.31064102564102564,0.3266666666666667,2,3
all_2-1,20240516,0,0.31064102564102564,0.3266666666666667,2,3
all_2-1,20240517,0,0.31064102564102564,0.3266666666666667,2,3
all_2-1,20240518,0,0.2224908424908425,0.2230769230769231,0,1
all_2-1,20240518,1,0.3738461538461538,0.3738461538461538,5,6
all_2-1,20240519,0,0.2224908424908425,0.2230769230769231,0,1
all_2-1,20240519,1,0.3738461538461538,0.3738461538461538,5,6
all_2-1,20240520,0,0.3371794871794872,0.3615384615384615,5,6
all_2-1,20240521,0,0.3371794871794872,0.3615384615384615,5,6
all_2-1,20240522,0,0.3371794871794872,0.3615384615384615,5,6
all_2-1,20240523,0,0.30070512820512824,0.2666666666666667,1,2
all_2-1,20240524,0,0.30070512820512824,0.2666666666666667,1,2
all_2-1,20240525,0,0.22192307692307695,0.2230769230769231,0,1
all_2-1,20240525,1,0.32294871794871793,0.3271794871794872,7,8
all_2-1,20240526,0,0.22192307692307695,0.2230769230769231,0,1
all_2-1,20240526,1,0.32294871794871793,0.3271794871794872,7,8
all_2-1,20240527,0,0.3138461538461539,0.3435897435897436,5,6
all_2-1,20240528,0,0.3138461538461539,0.3435897435897436,5,6
all_2-1,20240529,0,0.19794871794871793,0.2035897435897436,1,2
all_2-1,20240529,1,0.6581196581196581,0.6169230769230769,4,5
all_2-1,20240530,0,0.19794871794871793,0.2035897435897436,1,2
all_2-1,20240530,1,0.6581196581196581,0.6169230769230769,4,5
all_2-1,20240531,0,0.19794871794871793,0.2035897435897436,1,2
all_2-1,20240531,1,0.6581196581196581,0.6169230769230769,4,5
all_2-1,20240601,0,0.31724358974358974,0.3297435897435897,4,5
all_2-1,20240602,0,0.29096153846153844,0.3041025641025641,2,3
all_2-1,20240603,0,0.20205128205128206,0.1897435897435898,1,2
all_2-1,20240604,0,0.1987179487179487,0.2092307692307692,1,2
all_2-1,20240605,0,0.18724358974358976,0.1897435897435898,1,2
all_2-1,20240606,0,0.23762820512820512,0.2302564102564103,3,4
all_2-1,20240607,0,0.2423717948717949,0.2302564102564103,3,4
all_2-1,20240608,0,0.310448717948718,0.3066666666666667,6,7
all_2-1,20240609,0,0.3125,0.3066666666666667,6,7
all_2-1,20240610,0,0.2758974358974359,0.2779487179487179,4,5
all_2-1,20240611,0,0.3087179487179487,0.3035897435897436,5,6
all_2-1,20240612,0,0.2844871794871795,0.2728205128205128,0,1
all_2-1,20240613,0,0.2844871794871795,0.2728205128205128,0,1
all_2-1,20240614,0,0.24051282051282052,0.2297435897435898,7,8
all_2-1,20240614,1,0.5476923076923077,0.5569230769230769,3,4
all_2-1,20240615,0,0.21299145299145297,0.2061538461538461,6,7
all_2-1,20240615,1,0.2682051282051282,0.2666666666666667,1,2
all_2-1,20240616,0,0.21299145299145297,0.2061538461538461,6,7
all_2-1,20240616,1,0.2682051282051282,0.2666666666666667,1,2
all_2-1,20240617,0,0.2787820512820513,0.238974358974359,0,1
all_2-1,20240618,0,0.27641025641025646,0.3317948717948718,2,3
all_2-1,20240619,0,0.27641025641025646,0.3317948717948718,2,3
all_2-1,20240620,0,0.1194871794871795,0.1194871794871795,6,7
all_2-1,20240620,1,0.2940512820512821,0.2856410256410257,7,8
all_2-1,20240620,2,0.6628205128205129,0.6882051282051282,3,4
all_2-1,20240621,0,0.31647435897435905,0.3071794871794872,4,5
all_2-1,20240622,0,0.2837179487179487,0.2671794871794872,2,3
all_2-1,20240623,0,0.28269230769230763,0.2589743589743589,2,3
all_2-1,20240624,0,0.3294871794871795,0.2646153846153846,1,2
all_2-1,20240625,0,0.3294871794871795,0.2646153846153846,1,2
all_2-1,20240626,0,0.3294871794871795,0.2646153846153846,1,2
all_2-1,20240627,0,0.3294871794871795,0.2646153846153846,1,2
all_2-1,20240628,0,0.3264102564102564,0.2646153846153846,1,2
all_2-1,20240629,0,0.31467948717948724,0.3164102564102564,1,2
all_2-1,20240630,0,0.31467948717948724,0.3164102564102564,1,2
all_2-1,20240701,0,0.13102564102564104,0.1543589743589744,5,6
all_2-1,20240701,1,0.37341880341880346,0.3661538461538462,7,8
all_2-1,20240702,0,0.13102564102564104,0.1543589743589744,5,6
all_2-1,20240702,1,0.37341880341880346,0.3661538461538462,7,8
all_2-1,20240703,0,0.13102564102564104,0.1543589743589744,5,6
all_2-1,20240703,1,0.37341880341880346,0.3661538461538462,7,8
all_2-1,20240704,0,0.13102564102564104,0.1543589743589744,5,6
all_2-1,20240704,1,0.37341880341880346,0.3661538461538462,7,8
all_2-1,20240705,0,0.13102564102564104,0.1543589743589744,5,6
all_2-1,20240705,1,0.37341880341880346,0.3661538461538462,7,8
all_2-1,20240706,0,0.40389743589743593,0.4030769230769231,2,3
all_2-1,20240706,1,0.47726495726495727,0.4738461538461539,5,6
all_2-1,20240707,0,0.4061538461538462,0.4030769230769231,2,3
all_2-1,20240707,1,0.47726495726495727,0.4738461538461539,5,6
all_2-1,20240708,0,0.3415384615384615,0.3651282051282052,2,3
all_2-1,20240709,0,0.3415384615384615,0.3651282051282052,2,3
all_2-1,20240710,0,0.3415384615384615,0.3651282051282052,2,3
all_2-1,20240711,0,0.2825641025641026,0.2641025641025641,6,7
all_2-1,20240711,1,0.4244102564102564,0.4230769230769231,1,2
all_2-1,20240712,0,0.2825641025641026,0.2641025641025641,6,7
all_2-1,20240712,1,0.4244102564102564,0.4230769230769231,1,2
all_2-1,20240713,0,0.33352564102564103,0.3343589743589743,4,5
all_2-1,20240714,0,0.32576923076923076,0.317948717948718,0,1
all_2-1,20240715,0,0.32576923076923076,0.317948717948718,0,1
all_2-1,20240716,0,0.08769230769230768,0.08358974358974358,6,7
all_2-1,20240716,1,0.25726495726495724,0.2841025641025641,3,4
all_2-1,20240716,2,0.3495726495726495,0.3487179487179487,1,2
all_2-1,20240717,0,0.12393162393162392,0.0917948717948718,5,6
all_2-1,20240717,1,0.3385897435897436,0.3425641025641025,0,1
all_2-1,20240717,2,0.4112820512820513,0.4112820512820513,2,3
all_2-1,20240718,0,0.12393162393162392,0.0917948717948718,5,6
all_2-1,20240718,1,0.34594871794871795,0.3487179487179487,1,2
all_2-1,20240719,0,0.12393162393162392,0.0917948717948718,5,6
all_2-1,20240719,1,0.3385897435897436,0.3425641025641025,0,1
all_2-1,20240719,2,0.4112820512820513,0.4112820512820513,2,3
all_2-1,20240720,0,0.40108974358974364,0.4030769230769231,0,1
all_2-1,20240721,0,0.40108974358974364,0.4030769230769231,0,1
all_2-1,20240722,0,0.08341880341880341,0.08564102564102563,3,4
all_2-1,20240722,1,0.1358974358974359,0.1358974358974359,4,5
all_2-1,20240722,2,0.2928205128205128,0.2928205128205128,7,8
all_2-1,20240722,3,0.3105982905982905,0.3107692307692307,1,2
all_2-1,20240723,0,0.08341880341880341,0.08564102564102563,3,4
all_2-1,20240723,1,0.1358974358974359,0.1358974358974359,4,5
all_2-1,20240723,2,0.2928205128205128,0.2928205128205128,7,8
all_2-1,20240723,3,0.3105982905982905,0.3107692307692307,1,2
all_2-1,20240724,0,0.08341880341880341,0.08564102564102563,3,4
all_2-1,20240724,1,0.1235897435897436,0.1235897435897436,4,5
all_2-1,20240724,2,0.2928205128205128,0.2928205128205128,7,8
all_2-1,20240724,3,0.3105982905982905,0.3107692307692307,1,2
all_2-1,20240725,0,0.08341880341880341,0.08564102564102563,3,4
all_2-1,20240725,1,0.1235897435897436,0.1235897435897436,4,5
all_2-1,20240725,2,0.2928205128205128,0.2928205128205128,7,8
all_2-1,20240725,3,0.3105982905982905,0.3107692307692307,1,2
all_2-1,20240726,0,0.08341880341880341,0.08564102564102563,3,4
all_2-1,20240726,1,0.1235897435897436,0.1235897435897436,4,5
all_2-1,20240726,2,0.2928205128205128,0.2928205128205128,7,8
all_2-1,20240726,3,0.3105982905982905,0.3107692307692307,1,2
all_2-1,20240727,0,0.3406410256410256,0.3466666666666667,0,1
all_2-1,20240728,0,0.33935897435897433,0.3466666666666667,0,1
all_2-1,20240729,0,0.32243589743589746,0.3574358974358974,0,1
all_2-1,20240730,0,0.319423076923077,0.3574358974358974,0,1
all_2-1,20240731,0,0.319423076923077,0.3574358974358974,0,1
all_2-1,20240801,0,0.3063461538461538,0.3548717948717949,3,4
all_2-1,20240802,0,0.3063461538461538,0.3548717948717949,3,4
all_2-1,20240803,0,0.11623931623931623,0.09846153846153846,7,8
all_2-1,20240803,1,0.4056410256410256,0.3953846153846154,1,2
all_2-1,20240804,0,0.11777777777777776,0.09846153846153846,7,8
all_2-1,20240804,1,0.3740170940170941,0.3702564102564103,0,1
all_2-1,20240804,2,0.45974358974358975,0.4748717948717949,3,4
all_2-1,20240805,0,0.17128205128205126,0.2061538461538461,3,4
all_2-1,20240805,1,0.2917948717948718,0.2933333333333333,1,2
all_2-1,20240806,0,0.17128205128205126,0.2061538461538461,3,4
all_2-1,20240806,1,0.28957264957264955,0.2933333333333333,1,2
all_2-1,20240807,0,0.17128205128205126,0.2061538461538461,3,4
all_2-1,20240807,1,0.28957264957264955,0.2933333333333333,1,2
all_2-1,20240808,0,0.17128205128205126,0.2061538461538461,3,4
all_2-1,20240808,1,0.28957264957264955,0.2933333333333333,1,2
all_2-1,20240809,0,0.17128205128205126,0.2061538461538461,3,4
all_2-1,20240809,1,0.28957264957264955,0.2933333333333333,1,2
all_2-1,20240810,0,0.05641025641025641,0.0482051282051282,7,8
all_2-1,20240810,1,0.3346153846153846,0.3323076923076923,1,2
all_2-1,20240810,2,0.46615384615384614,0.4456410256410256,3,4
all_2-1,20240811,0,0.0694017094017094,0.07076923076923076,5,6
all_2-1,20240811,1,0.3282051282051282,0.3323076923076923,1,2
all_2-1,20240811,2,0.46615384615384614,0.4456410256410256,3,4
all_2-1,20240812,0,0.0694017094017094,0.07076923076923076,5,6
all_2-1,20240812,1,0.32273504273504267,0.3323076923076923,1,2
all_2-1,20240812,2,0.46615384615384614,0.4456410256410256,3,4
all_2-1,20240813,0,0.30455128205128207,0.3046153846153846,0,1
all_2-1,20240814,0,0.30532051282051287,0.3097435897435897,6,7
all_2-1,20240815,0,0.3106410256410257,0.3097435897435897,6,7
all_2-1,20240816,0,0.29871794871794877,0.2897435897435898,0,1
all_2-1,20240817,0,0.08666666666666666,0.07692307692307693,5,6
all_2-1,20240817,1,0.33000000000000007,0.3102564102564103,0,1
all_2-1,20240817,2,0.4184615384615385,0.4174358974358975,3,4
all_2-1,20240818,0,0.08666666666666666,0.07692307692307693,5,6
all_2-1,20240818,1,0.33000000000000007,0.3102564102564103,0,1
all_2-1,20240818,2,0.4184615384615385,0.4174358974358975,3,4
all_2-1,20240819,0,0.23621794871794874,0.2266666666666667,6,7
all_2-1,20240820,0,0.23621794871794874,0.2266666666666667,6,7
all_2-1,20240821,0,0.23621794871794874,0.2266666666666667,6,7
all_2-1,20240822,0,0.23621794871794874,0.2266666666666667,6,7
all_2-1,20240823,0,0.23621794871794874,0.2266666666666667,6,7
all_2-1,20240824,0,0.08547008547008549,0.06769230769230769,5,6
all_2-1,20240824,1,0.39343589743589746,0.3912820512820513,4,5
all_2-1,20240825,0,0.08547008547008549,0.06769230769230769,5,6
all_2-1,20240825,1,0.39343589743589746,0.3912820512820513,4,5
all_2-1,20240826,0,0.2378205128205128,0.2533333333333334,3,4
all_2-1,20240827,0,0.2378205128205128,0.2533333333333334,3,4
all_2-1,20240828,0,0.2378205128205128,0.2533333333333334,3,4
all_2-1,20240829,0,0.2378205128205128,0.2533333333333334,3,4
all_2-1,20240830,0,0.23756410256410254,0.2523076923076923,4,5
all_2-1,20240831,0,0.05965811965811966,0.06974358974358975,5,6
all_2-1,20240831,1,0.27589743589743587,0.2558974358974359,0,1
all_2-1,20240831,2,0.36290598290598286,0.36,4,5
all_2-1,20240901,0,0.05931623931623931,0.06974358974358975,5,6
all_2-1,20240901,1,0.2782051282051282,0.2846153846153846,1,2
all_2-1,20240901,2,0.3593162393162393,0.3584615384615385,3,4
all_2-1,20240902,0,0.07743589743589742,0.05846153846153845,4,5
all_2-1,20240902,1,0.24961538461538463,0.2492307692307693,1,2
all_2-1,20240902,2,0.2676923076923077,0.2671794871794872,6,7
all_2-1,20240903,0,0.20339743589743592,0.2015384615384616,2,3
all_2-1,20240904,0,0.07743589743589742,0.05846153846153845,4,5
all_2-1,20240904,1,0.20384615384615384,0.2066666666666667,2,3
all_2-1,20240904,2,0.26743589743589746,0.2671794871794872,6,7
all_2-1,20240905,0,0.07743589743589742,0.05846153846153845,4,5
all_2-1,20240905,1,0.20384615384615384,0.2066666666666667,2,3
all_2-1,20240905,2,0.26743589743589746,0.2671794871794872,6,7
all_2-1,20240906,0,0.07743589743589742,0.05846153846153845,4,5
all_2-1,20240906,1,0.20384615384615384,0.2066666666666667,2,3
all_2-1,20240906,2,0.26743589743589746,0.2671794871794872,6,7
all_2-1,20240907,0,0.256474358974359,0.2502564102564103,0,1
all_2-1,20240908,0,0.256474358974359,0.2502564102564103,0,1
all_2-1,20240909,0,0.1725,0.1964102564102564,2,3
all_2-1,20240910,0,0.1725,0.1964102564102564,2,3
all_2-1,20240911,0,0.1725,0.1964102564102564,2,3
all_2-1,20240912,0,0.1725,0.1964102564102564,2,3
all_2-1,20240913,0,0.1725,0.1964102564102564,2,3
all_2-1,20240914,0,0.328974358974359,0.3261538461538462,1,2
all_2-1,20240915,0,0.328974358974359,0.3261538461538462,1,2
all_2-1,20240916,0,0.32993589743589746,0.3261538461538462,1,2
all_2-1,20240917,0,0.2612820512820513,0.2507692307692307,0,1
all_2-1,20240918,0,0.2612820512820513,0.2507692307692307,0,1
all_2-1,20240919,0,0.2612820512820513,0.2507692307692307,0,1
all_2-1,20240920,0,0.2612820512820513,0.2507692307692307,0,1
all_2-1,20240921,0,0.11846153846153847,0.141025641025641,5,6
all_2-1,20240921,1,0.2858461538461538,0.2902564102564102,1,2
all_2-1,20240922,0,0.11846153846153847,0.141025641025641,5,6
all_2-1,20240922,1,0.2858461538461538,0.2902564102564102,1,2
all_2-1,20240923,0,0.11846153846153847,0.141025641025641,5,6
all_2-1,20240923,1,0.2858461538461538,0.2902564102564102,1,2
all_2-1,20240924,0,0.20217948717948717,0.2087179487179487,4,5
all_2-1,20240925,0,0.20217948717948717,0.2087179487179487,4,5
all_2-1,20240926,0,0.20217948717948717,0.2087179487179487,4,5
all_2-1,20240927,0,0.20217948717948717,0.2087179487179487,4,5
all_2-1,20240928,0,0.03709401709401709,0.0441025641025641,5,6
all_2-1,20240928,1,0.3573333333333333,0.3558974358974359,2,3
all_2-1,20240929,0,0.03709401709401709,0.0441025641025641,5,6
all_2-1,20240929,1,0.3573333333333333,0.3558974358974359,2,3
all_2-1,20240930,0,0.20679487179487177,0.2082051282051282,0,1
all_2-1,20241001,0,0.22057692307692311,0.217948717948718,3,4
all_2-1,20241002,0,0.2226923076923077,0.2107692307692308,3,4
all_2-1,20241003,0,0.2226923076923077,0.2107692307692308,3,4
all_2-1,20241004,0,0.2226923076923077,0.2107692307692308,3,4
all_2-1,20241005,0,0.23570512820512818,0.2184615384615385,1,2
all_2-1,20241006,0,0.01982905982905983,0.01948717948717949,5,6
all_2-1,20241006,1,0.38512820512820517,0.3825641025641026,2,3
all_2-1,20241007,0,0.09333333333333334,0.1169230769230769,6,7
all_2-1,20241007,1,0.29435897435897435,0.2917948717948718,0,1
all_2-1,20241007,2,0.34487179487179487,0.3471794871794872,2,3
all_2-1,20241008,0,0.09333333333333334,0.1169230769230769,6,7
all_2-1,20241008,1,0.29435897435897435,0.2917948717948718,0,1
all_2-1,20241008,2,0.34487179487179487,0.3471794871794872,2,3
all_2-1,20241009,0,0.09333333333333334,0.1169230769230769,6,7
all_2-1,20241009,1,0.29435897435897435,0.2917948717948718,0,1
all_2-1,20241009,2,0.34487179487179487,0.3471794871794872,2,3
all_2-1,20241010,0,0.09333333333333334,0.1169230769230769,6,7
all_2-1,20241010,1,0.29435897435897435,0.2917948717948718,0,1
all_2-1,20241010,2,0.34487179487179487,0.3471794871794872,2,3
all_2-1,20241011,0,0.21064102564102563,0.2379487179487179,3,4
all_2-1,20241012,0,0.2275,0.2041025641025641,1,2
all_2-1,20241013,0,0.22403846153846155,0.2041025641025641,1,2
all_2-1,20241014,0,0.22955128205128209,0.2302564102564103,1,2
all_2-1,20241015,0,0.17384615384615384,0.1697435897435897,5,6
all_2-1,20241016,0,0.17384615384615384,0.1697435897435897,5,6
all_2-1,20241017,0,0.17384615384615384,0.1697435897435897,5,6
all_2-1,20241018,0,0.17384615384615384,0.1697435897435897,5,6
all_2-1,20241019,0,0.2750641025641026,0.2764102564102564,0,1
all_2-1,20241020,0,0.2906410256410257,0.2764102564102564,0,1
all_2-1,20241021,0,0.2206410256410256,0.2235897435897436,1,2
all_2-1,20241022,0,0.208974358974359,0.2235897435897436,1,2
all_2-1,20241023,0,0.2541666666666667,0.2364102564102564,0,1
all_2-1,20241024,0,0.2541666666666667,0.2364102564102564,0,1
all_2-1,20241025,0,0.268525641025641,0.2794871794871795,1,2
all_2-1,20241026,0,0.17923076923076925,0.1774358974358974,0,1
all_2-1,20241026,1,0.2751282051282051,0.2974358974358974,2,3
all_2-1,20241026,2,0.43846153846153846,0.4394871794871795,3,4
all_2-1,20241027,0,0.2164957264957265,0.2271794871794872,0,1
all_2-1,20241027,1,0.43846153846153846,0.4394871794871795,3,4
all_2-1,20241028,0,0.18987179487179487,0.1856410256410256,1,2
all_2-1,20241029,0,0.1925,0.2030769230769231,5,6
all_2-1,20241030,0,0.1925,0.2030769230769231,5,6
all_2-1,20241031,0,0.19217948717948719,0.2030769230769231,5,6
all_2-1,20241101,0,0.18653846153846154,0.2020512820512821,1,2
all_2-1,20241102,0,0.2097435897435897,0.22,5,6
all_2-1,20241102,1,0.37247863247863244,0.3712820512820513,3,4
all_2-1,20241103,0,0.21302564102564098,0.22,5,6
all_2-1,20241103,1,0.37247863247863244,0.3712820512820513,3,4
all_2-1,20241104,0,0.27006410256410257,0.2717948717948718,1,2
all_2-1,20241105,0,0.1758333333333333,0.181025641025641,0,1
all_2-1,20241106,0,0.1758333333333333,0.181025641025641,0,1
all_2-1,20241107,0,0.17314102564102563,0.181025641025641,0,1
all_2-1,20241108,0,0.17314102564102563,0.181025641025641,0,1
all_2-1,20241109,0,0.16923076923076924,0.1641025641025641,6,7
all_2-1,20241109,1,0.4586324786324787,0.477948717948718,4,5
all_2-1,20241110,0,0.15394871794871795,0.1548717948717949,5,6
all_2-1,20241110,1,0.42769230769230765,0.462051282051282,4,5
all_2-1,20241111,0,0.13871794871794874,0.1374358974358974,2,3
all_2-1,20241111,1,0.3143589743589744,0.3153846153846154,3,4
all_2-1,20241112,0,0.11476923076923078,0.1128205128205128,0,1
all_2-1,20241112,1,0.2511111111111111,0.2461538461538461,3,4
all_2-1,20241113,0,0.10953846153846154,0.118974358974359,7,8
all_2-1,20241113,1,0.2511111111111111,0.2461538461538461,3,4
all_2-1,20241114,0,0.10953846153846154,0.118974358974359,7,8
all_2-1,20241114,1,0.2511111111111111,0.2461538461538461,3,4
all_2-1,20241115,0,0.10953846153846154,0.118974358974359,7,8
all_2-1,20241115,1,0.2511111111111111,0.2461538461538461,3,4
all_2-1,20241116,0,0.11461538461538459,0.1092307692307692,7,8
all_2-1,20241116,1,0.20435897435897435,0.1974358974358974,2,3
all_2-1,20241116,2,0.2562393162393163,0.2584615384615385,4,5
all_2-1,20241116,3,0.2830769230769231,0.2830769230769231,3,4
all_2-1,20241117,0,0.21057692307692308,0.2112820512820513,5,6
all_2-1,20241118,0,0.08692307692307692,0.08256410256410257,5,6
all_2-1,20241118,1,0.4235897435897436,0.4164102564102564,3,4
all_2-1,20241119,0,0.08692307692307692,0.08256410256410257,5,6
all_2-1,20241119,1,0.4235897435897436,0.4164102564102564,3,4
all_2-1,20241120,0,0.08692307692307692,0.08256410256410257,5,6
all_2-1,20241120,1,0.4235897435897436,0.4164102564102564,3,4
all_2-1,20241121,0,0.08692307692307692,0.08256410256410257,5,6
all_2-1,20241121,1,0.4235897435897436,0.4164102564102564,3,4
all_2-1,20241122,0,0.08692307692307692,0.08256410256410257,5,6
all_2-1,20241122,1,0.4235897435897436,0.4164102564102564,3,4
all_2-1,20241123,0,0.21685897435897433,0.2158974358974359,5,6
all_2-1,20241124,0,0.21262820512820513,0.2158974358974359,5,6
all_2-1,20241125,0,0.10606837606837606,0.1102564102564103,0,1
all_2-1,20241125,1,0.3446153846153846,0.3107692307692307,3,4
all_2-1,20241126,0,0.10264957264957264,0.1133333333333333,2,3
all_2-1,20241126,1,0.3482051282051283,0.3784615384615385,4,5
all_2-1,20241127,0,0.10264957264957264,0.1133333333333333,2,3
all_2-1,20241127,1,0.3482051282051283,0.3784615384615385,4,5
all_2-1,20241128,0,0.10264957264957264,0.1133333333333333,2,3
all_2-1,20241128,1,0.35384615384615387,0.3292307692307692,3,4
all_2-1,20241129,0,0.10726495726495727,0.1102564102564103,5,6
all_2-1,20241129,1,0.35384615384615387,0.3292307692307692,3,4
all_2-1,20241130,0,0.21903846153846157,0.2046153846153846,1,2
all_2-1,20241201,0,0.0757948717948718,0.05794871794871794,6,7
all_2-1,20241201,1,0.42034188034188036,0.4256410256410257,3,4
all_2-1,20241202,0,0.0794871794871795,0.0794871794871795,1,2
all_2-1,20241202,1,0.15829059829059824,0.161025641025641,2,3
all_2-1,20241202,2,0.3376923076923076,0.3292307692307692,3,4
all_2-1,20241203,0,0.0794871794871795,0.0794871794871795,1,2
all_2-1,20241203,1,0.15829059829059824,0.161025641025641,2,3
all_2-1,20241203,2,0.31948717948717953,0.3405128205128205,4,5
all_2-1,20241204,0,0.10880341880341882,0.09948717948717949,0,1
all_2-1,20241204,1,0.3223076923076923,0.2984615384615385,3,4
all_2-1,20241205,0,0.10623931623931625,0.1071794871794872,2,3
all_2-1,20241205,1,0.3302564102564103,0.36,4,5
all_2-1,20241206,0,0.09666666666666668,0.0958974358974359,5,6
all_2-1,20241206,1,0.326923076923077,0.3553846153846154,4,5
all_2-1,20241207,0,0.07835897435897435,0.1174358974358974,0,1
all_2-1,20241207,1,0.4661538461538462,0.48,3,4
all_2-1,20241208,0,0.07835897435897435,0.1174358974358974,0,1
all_2-1,20241208,1,0.4661538461538462,0.48,3,4
all_2-1,20241209,0,0.01743589743589744,0.01743589743589744,0,1
all_2-1,20241209,1,0.025128205128205128,0.0241025641025641,2,3
all_2-1,20241209,2,0.07794871794871795,0.07538461538461538,5,6
all_2-1,20241209,3,0.38076923076923075,0.3425641025641025,3,4
all_2-1,20241210,0,0.01743589743589744,0.01743589743589744,0,1
all_2-1,20241210,1,0.024615384615384615,0.0241025641025641,2,3
all_2-1,20241210,2,0.07717948717948718,0.07435897435897436,5,6
all_2-1,20241210,3,0.41820512820512823,0.4174358974358975,3,4
all_2-1,20241211,0,0.01743589743589744,0.01743589743589744,0,1
all_2-1,20241211,1,0.023846153846153843,0.02358974358974359,7,8
all_2-1,20241211,2,0.07282051282051281,0.07076923076923076,5,6
all_2-1,20241211,3,0.43333333333333335,0.4174358974358975,3,4
all_2-1,20241212,0,0.01743589743589744,0.01743589743589744,0,1
all_2-1,20241212,1,0.023846153846153843,0.02358974358974359,7,8
all_2-1,20241212,2,0.07282051282051281,0.07076923076923076,5,6
all_2-1,20241212,3,0.43333333333333335,0.4174358974358975,3,4
all_2-1,20241213,0,0.01743589743589744,0.01743589743589744,0,1
all_2-1,20241213,1,0.023846153846153843,0.02358974358974359,7,8
all_2-1,20241213,2,0.07282051282051281,0.07076923076923076,5,6
all_2-1,20241213,3,0.38076923076923075,0.3425641025641025,3,4
all_2-1,20241214,0,0.1810897435897436,0.1846153846153846,1,2
all_2-1,20241215,0,0.1810897435897436,0.1846153846153846,1,2
all_2-1,20241216,0,0.02333333333333333,0.02564102564102564,7,8
all_2-1,20241216,1,0.07282051282051281,0.06205128205128205,5,6
all_2-1,20241216,2,0.29538461538461536,0.2758974358974359,3,4
all_2-1,20241217,0,0.01743589743589744,0.01743589743589744,0,1
all_2-1,20241217,1,0.024871794871794875,0.02666666666666667,2,3
all_2-1,20241217,2,0.06820512820512821,0.05692307692307693,5,6
all_2-1,20241217,3,0.32974358974358975,0.2758974358974359,3,4
all_2-1,20241218,0,0.02333333333333333,0.02564102564102564,7,8
all_2-1,20241218,1,0.07282051282051281,0.06205128205128205,5,6
all_2-1,20241218,2,0.29538461538461536,0.2758974358974359,3,4
all_2-1,20241219,0,0.02333333333333333,0.02564102564102564,7,8
all_2-1,20241219,1,0.07282051282051281,0.06205128205128205,5,6
all_2-1,20241219,2,0.31641025641025644,0.3569230769230769,4,5
all_2-1,20241220,0,0.01743589743589744,0.01743589743589744,0,1
all_2-1,20241220,1,0.033846153846153845,0.03743589743589743,2,3
all_2-1,20241220,2,0.07282051282051283,0.06615384615384616,5,6
all_2-1,20241220,3,0.29538461538461536,0.2758974358974359,3,4
all_2-1,20241221,0,0.20608974358974358,0.1928205128205128,1,2
all_2-1,20241222,0,0.20608974358974358,0.1928205128205128,1,2
all_2-1,20241223,0,0.09788461538461539,0.06564102564102564,5,6
all_2-1,20241224,0,0.10256410256410255,0.1307692307692307,3,4
all_2-1,20241225,0,0.10256410256410255,0.1307692307692307,3,4
all_2-1,20241226,0,0.10256410256410255,0.1307692307692307,3,4
all_2-1,20241227,0,0.09935897435897435,0.1307692307692307,3,4
all_2-1,20241228,0,0.022393162393162396,0.01743589743589744,1,2
all_2-1,20241228,1,0.06752136752136752,0.07435897435897436,7,8
all_2-1,20241228,2,0.14871794871794874,0.1553846153846154,3,4
all_2-1,20241229,0,0.06564102564102564,0.06512820512820514,2,3
all_2-1,20241229,1,0.0758974358974359,0.07692307692307693,5,6
all_2-1,20241229,2,0.14871794871794874,0.1553846153846154,3,4
all_2-1,20241230,0,0.06581196581196581,0.06512820512820514,2,3
all_2-1,20241230,1,0.07606837606837608,0.0758974358974359,6,7
all_2-1,20241230,2,0.14871794871794874,0.1553846153846154,3,4
all_2-1,20241231,0,0.06581196581196581,0.06512820512820514,2,3
all_2-1,20241231,1,0.07606837606837608,0.0758974358974359,6,7
all_2-1,20241231,2,0.14871794871794874,0.1553846153846154,3,4
all_2-1,20250101,0,0.06923076923076923,0.06666666666666667,0,1
all_2-1,20250101,1,0.14692307692307688,0.1405128205128205,4,5
all_2-1,20250102,0,0.06974358974358975,0.06717948717948719,7,8
all_2-1,20250102,1,0.14692307692307688,0.1405128205128205,4,5
all_2-1,20250103,0,0.06965811965811966,0.06717948717948719,7,8
all_2-1,20250103,1,0.14692307692307688,0.1405128205128205,4,5
all_2-1,20250104,0,0.07452991452991452,0.07282051282051281,0,1
all_2-1,20250104,1,0.14,0.1420512820512821,3,4
all_2-1,20250105,0,0.07598290598290598,0.07794871794871795,2,3
all_2-1,20250105,1,0.14,0.1420512820512821,3,4
all_2-1,20250106,0,0.12365384615384616,0.1569230769230769,6,7
all_2-1,20250107,0,0.12544871794871795,0.1569230769230769,6,7
all_2-1,20250108,0,0.1264102564102564,0.1569230769230769,6,7
all_2-1,20250109,0,0.12615384615384614,0.1569230769230769,6,7
all_2-1,20250110,0,0.12576923076923077,0.1569230769230769,6,7
all_2-1,20250111,0,0.24173076923076922,0.2333333333333333,1,2
all_2-1,20250112,0,0.24314102564102566,0.2333333333333333,1,2
all_2-1,20250113,0,0.2676282051282052,0.2835897435897436,5,6
all_2-1,20250114,0,0.14,0.158974358974359,3,4
all_2-1,20250115,0,0.07726495726495726,0.07794871794871795,6,7
all_2-1,20250115,1,0.29435897435897435,0.2261538461538461,3,4
all_2-1,20250116,0,0.08783882783882786,0.09692307692307692,0,1
all_2-1,20250116,1,0.3584615384615385,0.3584615384615385,4,5
all_2-1,20250117,0,0.08783882783882786,0.09692307692307692,0,1
all_2-1,20250117,1,0.3728205128205128,0.3728205128205128,4,5
all_2-1,20250118,0,0.15955128205128205,0.1630769230769231,1,2
all_2-1,20250119,0,0.07128205128205128,0.07076923076923076,7,8
all_2-1,20250119,1,0.0882051282051282,0.0882051282051282,6,7
all_2-1,20250119,2,0.1717948717948718,0.1630769230769231,1,2
all_2-1,20250119,3,0.3307692307692308,0.2897435897435898,3,4
all_2-1,20250120,0,0.13974358974358975,0.1405128205128205,5,6
all_2-1,20250121,0,0.12647435897435894,0.1405128205128205,5,6
all_2-1,20250122,0,0.12711538461538463,0.1405128205128205,5,6
all_2-1,20250123,0,0.12628205128205128,0.1405128205128205,5,6
all_2-1,20250124,0,0.13006410256410256,0.1405128205128205,5,6
all_2-1,20250125,0,0.05192307692307693,0.05641025641025642,6,7
all_2-1,20250125,1,0.12384615384615384,0.1276923076923077,5,6
all_2-1,20250125,2,0.34153846153846157,0.2953846153846154,3,4
all_2-1,20250126,0,0.05666666666666667,0.05641025641025642,6,7
all_2-1,20250126,1,0.07307692307692307,0.07179487179487179,1,2
all_2-1,20250126,2,0.12358974358974359,0.1194871794871795,7,8
all_2-1,20250126,3,0.34153846153846157,0.2953846153846154,3,4
all_2-1,20250127,0,0.08183150183150181,0.08153846153846155,5,6
all_2-1,20250127,1,0.4543589743589743,0.4543589743589743,4,5
all_2-1,20250128,0,0.06673992673992672,0.08153846153846155,5,6
all_2-1,20250128,1,0.4471794871794872,0.4471794871794872,4,5
all_2-1,20250129,0,0.06673992673992672,0.08153846153846155,5,6
all_2-1,20250129,1,0.4035897435897436,0.4035897435897436,4,5
all_2-1,20250130,0,0.06673992673992672,0.08153846153846155,5,6
all_2-1,20250130,1,0.4046153846153846,0.4046153846153846,4,5
all_2-1,20250131,0,0.06673992673992672,0.08153846153846155,5,6
all_2-1,20250131,1,0.4061538461538461,0.4061538461538461,4,5
all_2-1,20250201,0,0.01743589743589744,0.01743589743589744,0,1
all_2-1,20250201,1,0.01794871794871795,0.01794871794871795,1,2
all_2-1,20250201,2,0.02,0.02,7,8
all_2-1,20250201,3,0.03025641025641026,0.03025641025641026,6,7
all_2-1,20250201,4,0.31743589743589745,0.2815384615384616,3,4
all_2-1,20250202,0,0.01743589743589744,0.01743589743589744,0,1
all_2-1,20250202,1,0.01794871794871795,0.01794871794871795,1,2
all_2-1,20250202,2,0.02,0.02,7,8
all_2-1,20250202,3,0.03025641025641026,0.03025641025641026,6,7
all_2-1,20250202,4,0.2815384615384616,0.2815384615384616,3,4
all_2-1,20250202,5,0.3558974358974359,0.3558974358974359,4,5
all_2-1,20250203,0,0.023882783882783882,0.02307692307692308,3,4
all_2-1,20250203,1,0.5071794871794872,0.5071794871794872,4,5
all_2-1,20250204,0,0.02380952380952381,0.02307692307692308,3,4
all_2-1,20250204,1,0.4492307692307692,0.4492307692307692,4,5
all_2-1,20250205,0,0.022271062271062275,0.02205128205128205,5,6
all_2-1,20250205,1,0.5071794871794872,0.5071794871794872,4,5
all_2-1,20250206,0,0.02380952380952381,0.02307692307692308,3,4
all_2-1,20250206,1,0.4512820512820513,0.4512820512820513,4,5
all_2-1,20250207,0,0.023882783882783882,0.02307692307692308,3,4
all_2-1,20250207,1,0.4482051282051282,0.4482051282051282,4,5
all_2-1,20250208,0,0.021794871794871797,0.02256410256410257,1,2
all_2-1,20250208,1,0.04948717948717948,0.04923076923076923,3,4
all_2-1,20250209,0,0.021794871794871797,0.02256410256410257,1,2
all_2-1,20250209,1,0.04948717948717948,0.04923076923076923,3,4
all_2-1,20250210,0,0.03743589743589744,0.04051282051282051,5,6
all_2-1,20250210,1,0.28897435897435897,0.3502564102564102,4,5
all_2-1,20250211,0,0.021794871794871797,0.02256410256410257,1,2
all_2-1,20250211,1,0.04948717948717948,0.04923076923076923,3,4
all_2-1,20250212,0,0.024358974358974363,0.02256410256410257,0,1
all_2-1,20250212,1,0.03282051282051282,0.03282051282051282,2,3
all_2-1,20250212,2,0.07572649572649572,0.07333333333333333,3,4
all_2-1,20250213,0,0.03743589743589744,0.04051282051282051,5,6
all_2-1,20250213,1,0.31128205128205133,0.3948717948717949,4,5
all_2-1,20250214,0,0.03743589743589744,0.04051282051282051,5,6
all_2-1,20250214,1,0.28794871794871796,0.2276923076923077,3,4
all_2-1,20250215,0,0.06538461538461539,0.05897435897435897,2,3
all_2-1,20250216,0,0.06532051282051282,0.05897435897435897,2,3
all_2-1,20250217,0,0.12288461538461537,0.122051282051282,5,6
all_2-1,20250218,0,0.12070512820512821,0.1138461538461539,7,8
all_2-1,20250219,0,0.11544871794871796,0.1138461538461539,5,6
all_2-1,20250220,0,0.11525641025641026,0.1138461538461539,5,6
all_2-1,20250221,0,0.11525641025641026,0.1138461538461539,5,6
all_2-1,20250222,0,0.017692307692307695,0.01743589743589744,4,5
all_2-1,20250222,1,0.019230769230769235,0.01897435897435898,2,3
all_2-1,20250222,2,0.025299145299145304,0.02615384615384616,1,2
all_2-1,20250222,3,0.06102564102564102,0.06102564102564102,3,4
all_2-1,20250223,0,0.017692307692307695,0.01743589743589744,4,5
all_2-1,20250223,1,0.019230769230769235,0.01897435897435898,2,3
all_2-1,20250223,2,0.025641025641025644,0.02615384615384616,6,7
all_2-1,20250223,3,0.06102564102564102,0.06102564102564102,3,4
all_2-1,20250224,0,0.017692307692307695,0.01743589743589744,4,5
all_2-1,20250224,1,0.019230769230769235,0.01897435897435898,2,3
all_2-1,20250224,2,0.025299145299145304,0.02615384615384616,1,2
all_2-1,20250224,3,0.06102564102564102,0.06102564102564102,3,4
all_2-1,20250225,0,0.038051282051282054,0.03692307692307692,7,8
all_2-1,20250225,1,0.1112820512820513,0.1112820512820513,3,4
all_2-1,20250225,2,0.2617948717948718,0.2543589743589744,4,5
all_2-1,20250226,0,0.03825641025641026,0.03692307692307692,7,8
all_2-1,20250226,1,0.1112820512820513,0.1112820512820513,3,4
all_2-1,20250226,2,0.2617948717948718,0.2543589743589744,4,5
all_2-1,20250227,0,0.03825641025641026,0.03692307692307692,7,8
all_2-1,20250227,1,0.1112820512820513,0.1112820512820513,3,4
all_2-1,20250227,2,0.26,0.2728205128205128,6,7
all_2-1,20250228,0,0.05504273504273505,0.04717948717948718,5,6
all_2-1,20250228,1,0.23846153846153845,0.2415384615384615,4,5
all_2-1,20250301,0,0.0858119658119658,0.0882051282051282,5,6
all_2-1,20250301,1,0.28230769230769226,0.3189743589743589,6,7
all_2-1,20250302,0,0.0858119658119658,0.0882051282051282,5,6
all_2-1,20250302,1,0.28230769230769226,0.3189743589743589,6,7
all_2-1,20250303,0,0.10948717948717951,0.0882051282051282,1,2
all_2-1,20250304,0,0.1344871794871795,0.1492307692307693,4,5
all_2-1,20250305,0,0.1344871794871795,0.1492307692307693,4,5
all_2-1,20250306,0,0.1344871794871795,0.1492307692307693,4,5
all_2-1,20250307,0,0.1344871794871795,0.1492307692307693,4,5
all_2-1,20250308,0,0.06820512820512821,0.07282051282051281,2,3
all_2-1,20250309,0,0.06820512820512821,0.07282051282051281,2,3
all_2-1,20250310,0,0.07993589743589745,0.08871794871794872,4,5
all_2-1,20250311,0,0.07230769230769231,0.0846153846153846,3,4
all_2-1,20250312,0,0.07993589743589745,0.08871794871794872,4,5
all_2-1,20250313,0,0.030427350427350425,0.02923076923076923,1,2
all_2-1,20250313,1,0.13,0.1364102564102564,6,7
all_2-1,20250314,0,0.08237179487179488,0.07794871794871795,5,6
all_2-1,20250315,0,0.07692307692307693,0.07794871794871795,2,3
all_2-1,20250315,1,0.14282051282051278,0.141025641025641,3,4
all_2-1,20250316,0,0.07692307692307693,0.07794871794871795,2,3
all_2-1,20250316,1,0.14282051282051278,0.141025641025641,3,4
all_2-1,20250317,0,0.10019230769230769,0.07230769230769231,5,6
all_2-1,20250318,0,0.10108974358974357,0.07230769230769231,5,6
all_2-1,20250319,0,0.10108974358974357,0.07230769230769231,5,6
all_2-1,20250320,0,0.07692307692307693,0.07794871794871795,2,3
all_2-1,20250320,1,0.14282051282051278,0.141025641025641,3,4
all_2-1,20250321,0,0.10711538461538463,0.09846153846153846,5,6
all_2-1,20250322,0,0.06737179487179489,0.06769230769230769,5,6
all_2-1,20250323,0,0.06737179487179489,0.06769230769230769,5,6
all_2-1,20250324,0,0.08262820512820512,0.0794871794871795,5,6
all_2-1,20250325,0,0.08333333333333333,0.0794871794871795,5,6
all_2-1,20250326,0,0.0832051282051282,0.0794871794871795,5,6
all_2-1,20250327,0,0.0832051282051282,0.0794871794871795,5,6
all_2-1,20250328,0,0.019743589743589744,0.01743589743589744,0,1
all_2-1,20250328,1,0.05094017094017094,0.05230769230769231,2,3
all_2-1,20250328,2,0.20683760683760685,0.1733333333333333,3,4
all_2-1,20250329,0,0.03153846153846154,0.03692307692307692,0,1
all_2-1,20250330,0,0.03153846153846154,0.03692307692307692,0,1
all_2-1,20250331,0,0.055299145299145286,0.05692307692307693,7,8
all_2-1,20250331,1,0.23974358974358975,0.2323076923076923,3,4
